Company,Company Score,Job Title,Location,Date,Salary
ViewSoft,4.8,Software Engineer,"Manassas, VA",8d,$68K - $94Kï¿½ï¿½(Glassdoor e
Workiva,4.3,Software Support Engineer,Remote,2d,$61K - $104Kï¿½ï¿½(Employer e
"Garmin International, Inc.",3.9,C# Software Engineer,"Cary, NC",2d,$95K - $118Kï¿½ï¿½(Glassdoor e
Snapchat,3.5,"Software Engineer, Fullstack, 1+ Years of Experience","Los Angeles, CA",2d,$97K - $145Kï¿½ï¿½(Employer e
Vitesco Technologies Group AG,3.1,Software Engineer,"Seguin, TX",2d,$85K - $108Kï¿½ï¿½(Glassdoor e
Spotify,3.9,Backend Engineer II,"New York, NY",1d,$123K - $175Kï¿½ï¿½(Employer e
Infor,4,Associate Software Engineer,"Alpharetta, GA",7d,$77K - $94Kï¿½ï¿½(Glassdoor e
Amerisoft Corporation,5,Software Developers,"Farmington Hills, MI",30d+,$71K - $100Kï¿½ï¿½(Glassdoor e
WHOOP,3.3,"Software Engineer II (Backend, Health)","Boston, MA",10d,$94K - $148Kï¿½ï¿½(Glassdoor e
PFF,4.2,Sr. Software Engineer,Remote,1d,$147K - $189Kï¿½ï¿½(Employer e
Salesforce,4.1,MTS Software Engineer,"San Francisco, CA",5d,$90K - $113Kï¿½ï¿½(Employer e
"HealthMine Services, Inc.",3.8,Software Engineer,Remote,1d,$54K - $79Kï¿½ï¿½(Glassdoor e
Honeywell,4.1,Software Engineer I,"Aguadilla, PR",2d,$91K - $135Kï¿½ï¿½(Glassdoor e
Legrand AV,3.7,Software Engineer,Minneapolis-Saint Paul,2d,$70K - $135Kï¿½ï¿½(Employer e
Athenahealth,4,"Software Engineer, athenaCollector ï¿½ï¿½ï¿½ RCM","Boston, MA",2d,$192K - $288Kï¿½ï¿½(Employer e
Amex,4.1,Java Engineer,"Plantation, FL",6d,$100K - $125Kï¿½ï¿½(Employer e
SOFT LABS NA,5,Entry Level to Senior Level Software Developers,"Northborough, MA",30d+,$85K - $127Kï¿½ï¿½(Glassdoor e
Snapchat,3.5,"Software Engineer, C++","Los Angeles, CA",2d,$69K - $109Kï¿½ï¿½(Glassdoor e
Hertz,3.2,Software Engineer,"Seattle, WA",2d,$124K - $234Kï¿½ï¿½(Employer e
Megaport,3.4,Frontend Software Engineer,,2d,$84K - $133Kï¿½ï¿½(Glassdoor e
"7-Eleven, Inc.",3.4,Software Engineer,"Irving, TX",1d,$85K - $150Kï¿½ï¿½(Employer e
"Summit Technologies, Inc.",4.2,Software Engineer,"Springfield, MA",10d,$48K - $89Kï¿½ï¿½(Glassdoor e
Adobe,2.9,Software Development Engineer,"San Jose, CA",10d,$66K - $97Kï¿½ï¿½(Glassdoor e
The MITRE Corporation,4,Associate Software Engineer,"Bedford, MA",2d,$108K - $199Kï¿½ï¿½(Employer e
Boston Children's Hospital,4.1,Software Engineer - HA (Hybrid),"Boston, MA",30d+,$102K - $173Kï¿½ï¿½(Employer e
Amex,3.2,Engineer - React/JavaScript,"Sunrise, FL",5d,$124K - $142Kï¿½ï¿½(Employer e
Ahold Delhaize USA,4,Software Engineer - Martech,"Carlisle, PA",2d,$94K - $133Kï¿½ï¿½(Glassdoor e
Artera Technologies,4.2,Software Engineers,"Annapolis Junction, MD",6d,$70K - $116Kï¿½ï¿½(Glassdoor e
Adobe,4.3,Software Engineer,"Lehi, UT",13d,$142K - $178Kï¿½ï¿½(Employer e
Workiva,3.5,Senior Software Engineer,Remote,3d,$87K - $135Kï¿½ï¿½(Employer e
Samsung Electronics,3.4,Software Engineer,"Mountain View, CA",2d,$77K - $182Kï¿½ï¿½(Employer e
IPG Photonics,3.7,Software Engineer,"Oxford, MA",4d,$101K - $144Kï¿½ï¿½(Glassdoor e
Crafty,3.3,Software Engineer,"Chicago, IL",2d,$101K - $168Kï¿½ï¿½(Employer e
"Crunchyroll, LLC",4.2,"Software Engineer III, Payments","San Francisco, CA",13d,$74K - $118Kï¿½ï¿½(Glassdoor e
LEGO,3.9,Backend Software Engineer,"Irvine, CA",9d,$100K - $200Kï¿½ï¿½(Employer e
Principal Financial Group,4.1,Experienced Software Engineer,"Des Moines, IA",2d,$51K - $78Kï¿½ï¿½(Glassdoor e
INTEL,3.4,Security Software Engineer,"Phoenix, AZ",22d,$71K - $237Kï¿½ï¿½(Employer e
Hasbro,4.4,"Software Engineer, Unreal Engine","Renton, WA",18d,$87K - $116Kï¿½ï¿½(Glassdoor e
Software Engineering Institute,4.2,Software Engineer,"Pittsburgh, PA",30d+,$116K - $184Kï¿½ï¿½(Employer e
University of Dayton,4.4,Associate Software Engineer,"Dayton, OH",2d,$75K - $103Kï¿½ï¿½(Glassdoor e
MIT,3.7,Software Developer,"Cambridge, MA",17d,$155K - $221Kï¿½ï¿½(Employer e
Amazon.com Services LLC,5,Software Dev Engineer - Computer Science,"Seattle, WA",2d,$112K - $165Kï¿½ï¿½(Employer e
DaqScribe Solutions,3.9,Jr. Software Engineer,United States,10d,$73K - $109Kï¿½ï¿½(Glassdoor e
West Virginia University,4.5,Software Engineer - Libraries,"Morgantown, WV",4d,$120K - $150Kï¿½ï¿½(Employer e
McKesson,3.9,Software Engineer,,2d,$88K - $124Kï¿½ï¿½(Glassdoor e
Noblis,2,Software Engineer (All Levels),"Chantilly, VA",1d,$77K - $87Kï¿½ï¿½(Employer e
eimagine,3.5,Software Engineer,United States,30d+,$65K - $90Kï¿½ï¿½(Employer e
CSL SOFTWARE SOLUTIONS,4.1,Software/Database Developer,"Burlington, VT",18d,$74K - $101Kï¿½ï¿½(Glassdoor e
Chewy,3.8,Software Engineer II,"Bellevue, WA",2d,$74K - $111Kï¿½ï¿½(Glassdoor e
ERPA,4.3,Software Test Engineer,"Dublin, OH",2d,$147K - $186Kï¿½ï¿½(Employer e
Afterpay,4.1,"Software Engineer, Incentive","Seattle, WA",3d,$129K - $174Kï¿½ï¿½(Glassdoor e
Harvard University,5,Software Engineer,"Boston, MA",30d+,$89K - $125Kï¿½ï¿½(Glassdoor e
Brooks Automation,3,Software Development Engineer,"Fremont, CA",4d,$165K - $190Kï¿½ï¿½(Employer e
DLRdmv,3.5,Software Engineer,"Dallas, TX",2d,$110K - $160Kï¿½ï¿½(Employer e
Movius Interactive Corporation,3.3,Software Engineer- Frontend,"Fremont, CA",1d,$61K - $110Kï¿½ï¿½(Glassdoor e
State Street,3.7,Software Engineer,"Burlington, MA",3d,$94K - $154Kï¿½ï¿½(Employer e
"Sonalysts, Inc.",3.8,Junior Software Engineer,"Waterford, CT",1d,$75K - $115Kï¿½ï¿½(Employer e
"Preco, LLC",3.6,Software Engineer,"Somerset, WI",4d,$62K - $106Kï¿½ï¿½(Glassdoor e
HealthStream,3.6,Software Developer,"Nashville, TN",10d,$72K - $118Kï¿½ï¿½(Glassdoor e
Aptiv plc,4,Software Engineer,"Troy, MI",30d+,$75K - $118Kï¿½ï¿½(Glassdoor e
Zipongo,3.8,Software Engineer - Epic Integrations,Remote,30d+,$98K - $137Kï¿½ï¿½(Glassdoor e
Snowflake,3.7,Software Engineer - Snowpark,"Bellevue, WA",2d,$113K - $150Kï¿½ï¿½(Employer e
Staffed4U,4.2,Software Engineer (Level 0 - Level II),"Annapolis Junction, MD",10d,$110K - $140Kï¿½ï¿½(Employer e
Honeycomb.io,4.2,Midlevel Site Reliability Engineer,United States,10d,$141K - $179Kï¿½ï¿½(Employer e
Topaz Labs,3.8,"Software Engineer, Infrastructure","Dallas, TX",8d,$77K - $136Kï¿½ï¿½(Glassdoor e
WEG Electric Corp,4.3,Software Engineer - Wind,"Barre, VT",6d,$80Kï¿½ï¿½(Employer e
Brown and Caldwell,4.3,Software Engineer,"Atlanta, GA",3d,$79K - $126Kï¿½ï¿½(Glassdoor e
Vertafore,3.7,Software Engineer II,"Melville, NY",2d,$87K - $119Kï¿½ï¿½(Glassdoor e
"Aerodyne Industries, LLC",3.1,Simulation Software Engineer (ADV00095I),"Kennedy Sp Ct, FL",1d,$72K - $94Kï¿½ï¿½(Glassdoor e
KAIROS Inc,3.5,Software Engineer,"Dahlgren, VA",16d,$6K - $7Kï¿½ï¿½(Employer e
Topaz Labs,3.7,Senior Software Engineer - Photo AI,"Dallas, TX",30d+,$68K - $106Kï¿½ï¿½(Glassdoor e
S3,3.8,Software Engineer- 826245,"Stennis Space Center, MS",20d,$56K - $88Kï¿½ï¿½(Glassdoor e
"J. Paul Getty Trust, The",4.1,Software Engineer Sr,"Los Angeles, CA",30d+,$72K - $113Kï¿½ï¿½(Glassdoor e
Topaz Labs,3.4,Software Engineer - ML Performance / HPC,"Dallas, TX",30d+,$90K - $119Kï¿½ï¿½(Glassdoor e
Rover.com,3.2,"Senior Software Engineer, Orders Team","Seattle, WA",25d,$101K - $135Kï¿½ï¿½(Glassdoor e
University of Oregon,3.8,Research Software Engineer,"Eugene, OR",2d,$155K - $180Kï¿½ï¿½(Employer e
dï¿½ï¿½TERRA Internati,4,Software Engineer II,Utah,12d,$85K - $114Kï¿½ï¿½(Glassdoor e
AHU Technologies,4.6,Software Engineer,"Newark, DE",12d,$130K - $160Kï¿½ï¿½(Employer e
ALSTOM,3.4,Software Engineer,"Pittsburgh, PA",2d,$160K - $250Kï¿½ï¿½(Employer e
Jack Henry & Associates,2.9,Software Release Engineer,United States,8d,$100Kï¿½ï¿½(Employer e
ISPA Technology,3,Junior Software Systems Engineer,"Washington, DC",23d,$120K - $150Kï¿½ï¿½(Employer e
"Universal Health Services, Inc. - Corporate Office",3.4,Associate Software Engineer - Data Analytics,"King of Prussia, PA",30d+,$96K - $146Kï¿½ï¿½(Glassdoor e
Relias,3.8,Associate Software Engineer,"Morrisville, NC",4d,$107K - $144Kï¿½ï¿½(Glassdoor e
Tickrs Clearing,3.1,Software Engineer,"Irvine, CA",2d,$138K - $189Kï¿½ï¿½(Glassdoor e
CTC Group,4.8,Software Engineer,"Fort Meade, MD",30d+,$78K - $118Kï¿½ï¿½(Glassdoor e
GoTab Inc,3.5,Jr. Deployment Engineer,"Arlington, VA",10d,$113K - $139Kï¿½ï¿½(Glassdoor e
ILOGIC INC,3.5,SOFTWARE DEVELOPERS,Township of Hamilton,30d+,$80.00ï¿½ï¿½Per Hourï¿½ï¿½(Employ
CSX,3.8,Software Engineer II - Service Now,"Jacksonville, FL",23d,$70K - $109Kï¿½ï¿½(Glassdoor e
Synergy ECP,4.4,Junior Software Engineer,"Fort Meade, MD",2d,$73K - $117Kï¿½ï¿½(Glassdoor e
M&T Bank,5,Software Engineer III,"Wilmington, DE",30d+,$62K - $107Kï¿½ï¿½(Glassdoor e
Cardlytics,5,Software Engineer III,"Menlo Park, CA",18d,$124K - $169Kï¿½ï¿½(Glassdoor e
"Stefanini, Inc",3.8,AWS Cloud Engineer,"Richmond, VA",1d,$96K - $117Kï¿½ï¿½(Employer e
Innovative Systems,3.8,C Software Engineer,"Pittsburgh, PA",9d,$84K - $140Kï¿½ï¿½(Glassdoor e
Parabola,3.8,"Software Engineer, Full Stack",United States,8d,$66K - $94Kï¿½ï¿½(Glassdoor e
Vibrint,3.5,Software Engineer I (Python Developer),United States,11d,$70K - $120Kï¿½ï¿½(Employer e
Millennium Management,4.2,Front End Engineer,United States,4d,$78K - $126Kï¿½ï¿½(Employer e
Sagitec,3.9,Software Engineer,"Saint Paul, MN",2d,$165K - $209Kï¿½ï¿½(Employer e
Careerus Soultions,4,DevOps Engineer,,2d,$90K - $125Kï¿½ï¿½(Glassdoor e
Innovien Solutions,3.3,Sr. Software Engineer,"Atlanta, GA",6d,$116K - $150Kï¿½ï¿½(Employer e
Ocean Power Technologies Inc,3.8,Software Engineer,United States,2d,$107K - $192Kï¿½ï¿½(Employer e
Riverside Research Institute,4.8,Software Engineer,"Fairborn, OH",3d,$79K - $120Kï¿½ï¿½(Glassdoor e
Staffed4U,5,Java Software Engineer,"Annapolis Junction, MD",30d+,$94K - $153Kï¿½ï¿½(Employer e
Uber Freight,5,Software Engineer II,"Chicago, IL",1d,$84K - $129Kï¿½ï¿½(Glassdoor e
Diverse Career Solutions,3.7,Software Engineer,,2d,$48K - $81Kï¿½ï¿½(Glassdoor e
Snowflake,4.1,Software Engineer - Database Engineering,"Bellevue, WA",4d,$82K - $129Kï¿½ï¿½(Glassdoor e
Likewize,4,Jr DevOps Engineer,"Dallas, TX",2d,$61K - $104Kï¿½ï¿½(Glassdoor e
MassMutual Ascend,4,Senior Software Engineer II,"Cincinnati, OH",19d,$182K - $244Kï¿½ï¿½(Employer e
Washington DC government,4.7,React Developer,Remote,2d,$96K - $116Kï¿½ï¿½(Employer e
AnaVation,3.7,Software Developer,"Quantico, VA",3d,$68K - $136Kï¿½ï¿½(Employer e
3R Info,3.9,Software Engineer,"Canton, MI",30d+,$93K - $132Kï¿½ï¿½(Glassdoor e
Strategic Mission Elements,3.5,Software Developer (TypeScript/JavaScript),"Chantilly, VA",26d,$77K - $125Kï¿½ï¿½(Glassdoor e
"IPSecure, Inc.",3.9,Senior Software Engineer,"Patrick AFB, FL",4d,$52K - $200Kï¿½ï¿½(Employer e
RELX,3.2,Software Engineer II,Georgia,2d,$81K - $118Kï¿½ï¿½(Glassdoor e
Solventum,3.6,Software Engineer - Front-end (Solventum),"Maplewood, MN",3d,$128K - $192Kï¿½ï¿½(Employer e
Focus Technology Solutions Inc,3,Cloud Engineer,"Boston, MA",4d,$150K - $225Kï¿½ï¿½(Employer e
Two Six Technologies,4.1,Software Engineer,"Warrenton, VA",17d,$50.00ï¿½ï¿½Per Hourï¿½ï¿½(Employ
"Adams, Inc.",3.2,Software Engineer,Tennessee,4d,$85K - $120Kï¿½ï¿½(Employer e
CPS Insurance Services,3.4,Junior Software Developer,"Phoenix, AZ",1d,$192K - $245Kï¿½ï¿½(Employer e
Cephas,3.1,Software Engineer,"Melbourne, FL",4d,$114K - $182Kï¿½ï¿½(Employer e
Chubb,3.4,Software Engineer - Java Springboot (DT),"Whitehouse Station, NJ",3d,$102K - $134Kï¿½ï¿½(Glassdoor e
Uber Freight,3.6,Software Engineer III - Mobile (Multiple Openings),"San Francisco, CA",9d,$101K - $160Kï¿½ï¿½(Employer e
Consumers Energy,4.8,Assoc Software Engineer,"Jackson, MI",6d,$90K - $124Kï¿½ï¿½(Glassdoor e
U.S. Bank National Association,3.4,Senior Software Engineer,"Hopkins, MN",1d,$88K - $128Kï¿½ï¿½(Glassdoor e
MedImpact Healthcare Systems,3.5,Software Engineer IV,"San Diego, CA",30d+,$83K - $131Kï¿½ï¿½(Glassdoor e
IMC Financial Markets,3.1,Graduate Software Engineer,"Chicago, IL",17d,$70K - $90Kï¿½ï¿½(Employer e
Truveta,4,Software Engineer - Normalization,"Seattle, WA",3d,$164K - $182Kï¿½ï¿½(Employer e
"Signature Science, LLC",4.2,Software Engineer,"Egg Harbor Township, NJ",23d,$73K - $92Kï¿½ï¿½(Employer e
JYG Innovations,4.1,Web Developers,"Frederick, MD",2d,$108K - $200Kï¿½ï¿½(Employer e
Vensit,3.5,Software Engineer,"Sayreville, NJ",30d+,$123K - $160Kï¿½ï¿½(Glassdoor e
Independent Software,3.9,Software Engineer - Apprentice,United States,17d,$112K - $141Kï¿½ï¿½(Glassdoor e
"Visionist, Inc.",3.5,Junior Software Engineer,"Fort Meade, MD",10d,$101K - $160Kï¿½ï¿½(Employer e
NCR,3.1,Software Dev Ops Engineer II,Indiana,3d,$69K - $143Kï¿½ï¿½(Employer e
Clearwater Analytics,3.6,Senior Software Development Engineer,"Seattle, WA",9d,$120K - $140Kï¿½ï¿½(Employer e
"Technical Intelligence Solutions, LLC",3,Software Engineer,"Crystal City, VA",2d,$68K - $120Kï¿½ï¿½(Glassdoor e
CVS Health,3.8,Associate Software Development Engineer - Colleague Experience,"Woonsocket, RI",29d,$104K - $136Kï¿½ï¿½(Glassdoor e
"Delta Defense, LLC",3.9,"Associate Engineer, Analytics","West Bend, WI",2d,$82K - $115Kï¿½ï¿½(Glassdoor e
Koalafi,3.2,Backend Software Engineer,"Richmond, VA",13d,$161K - $239Kï¿½ï¿½(Employer e
INTEL,4.1,AI Research Engineer,Arizona,17d,$107K - $150Kï¿½ï¿½(Employer e
No.Inc,5,Software Engineer,"Baltimore, MD",5d,$91K - $122Kï¿½ï¿½(Glassdoor e
f5,3.5,Software Engineer III,"Seattle, WA",30d+,$103K - $144Kï¿½ï¿½(Glassdoor e
Arcadia Science,3.3,"Software Engineer, Product","Berkeley, CA",6d,$80K - $100Kï¿½ï¿½(Employer e
Artint Knowledge Tech,3.5,Firmware (Linux) Dev I,Remote,5d,$100K - $128Kï¿½ï¿½(Employer e
Castellum Inc,4.1,Software Engineer,"Patuxent River, MD",30d+,$90K - $180Kï¿½ï¿½(Employer e
Instacart,3.7,"Senior Software Engineer, Core Experiences",Remote,12d,$110K - $130Kï¿½ï¿½(Employer e
WALGREENS,4.4,Software Engineer (RxR),"Deerfield, IL",1d,$76K - $121Kï¿½ï¿½(Glassdoor e
Duquesne Light,3.6,Software Engineer III,"Pittsburgh, PA",16d,$88K - $111Kï¿½ï¿½(Employer e
Super Micro Computer,3,Software Engineer,"San Jose, CA",30d+,$73K - $116Kï¿½ï¿½(Glassdoor e
UCare,4.4,Software Engineer Senior ï¿½ï¿½ï¿½ï¿½ï¿,"Minneapolis, MN",19d,$182K - $273Kï¿½ï¿½(Employer e
CyberCore Technologies,2.6,Software Engineer 0,"Annapolis Junction, MD",9d,$85K - $113Kï¿½ï¿½(Glassdoor e
CoinFlip,3.5,AWS DevOps Engineer,"Chicago, IL",25d,$65K - $95Kï¿½ï¿½(Employer e
BI Labs,4.1,SOFTWARE DEVELOPERS (021),"Plainsboro, NJ",30d+,$109K - $168Kï¿½ï¿½(Employer e
Sahbi Systems,4.1,Software Engineers,Alabama,18d,$80K - $99Kï¿½ï¿½(Glassdoor e
Cultura Technologies Inc,4.4,Sr Software Engineer,Remote,1d,$104K - $153Kï¿½ï¿½(Glassdoor e
Excelacom,4,DevOps Engineer,"Denver, CO",3d,$78K - $129Kï¿½ï¿½(Glassdoor e
Cityblock Health,4.1,Senior Software Engineer,New York State,9d,$82K - $118Kï¿½ï¿½(Glassdoor e
Rocket Software,4.3,Machine Learning Software Engineer,Massachusetts,3d,$138K - $294Kï¿½ï¿½(Employer e
Huntington Ingalls Industries Inc.,3.3,Software Engineer (Hybrid) - 19943,"Columbia, MD",11d,$136K - $187Kï¿½ï¿½(Glassdoor e
Intuitive Machines LLC,3.8,Research Software Engineer,"Houston, TX",10d,$295K - $440Kï¿½ï¿½(Employer e
Equifax,4.4,Software Engineer - Career,"Alpharetta, GA",3d,$95K - $146Kï¿½ï¿½(Glassdoor e
Super Micro Computer,4,Software Engineer,"San Jose, CA",19d,$117K - $161Kï¿½ï¿½(Employer e
Akamai,4,Software Engineer - Remote,United States,9d,$173Kï¿½ï¿½(Employer e
Mailprotector,4.6,Software Engineer,Remote,2d,$50.00ï¿½ï¿½Per Hourï¿½ï¿½(Employ
Blockit Now Inc,3.8,Elixir Software Engineer,"McKinney, TX",5d,$175K - $250Kï¿½ï¿½(Employer e
TENICA and Associates LLC,4.1,Software Systems Engineer TS/SCI CI poly,"Las Cruces, NM",5d,$55K - $140Kï¿½ï¿½(Employer e
Arch Capital Group Ltd.,3.9,Software Engineer II,"Greensboro, NC",5d,$126K - $234Kï¿½ï¿½(Employer e
Lynker Corporation,3.9,Software Engineer,"Stennis Space Center, MS",30d+,$78K - $129Kï¿½ï¿½(Employer e
YouTube,3.2,"Senior Software Engineer, Full Stack, YouTube","New York, NY",1d,$75K - $102Kï¿½ï¿½(Glassdoor e
Perforce Software,4.2,Senior Software Engineer - US,Remote,2d,$115K - $150Kï¿½ï¿½(Employer e
World Vision USA,3.8,Sr. Software Engineer,United States,16d,$115K - $160Kï¿½ï¿½(Employer e
Featurespace,5,Software Engineer,"Atlanta, GA",30d+,$82K - $92Kï¿½ï¿½(Employer e
Bigbear.ai,3.7,Software Engineer,"Columbia, MD",9d,$120K - $130Kï¿½ï¿½(Employer e
"Benistar Administrative Services, Inc.",3.9,AWS Cloud Engineer,"Avon, CT",2d,$86K - $131Kï¿½ï¿½(Glassdoor e
State of Colorado Job Opportunities,4.7,Cloud Engineer (Remote from anywhere in Colorado),Colorado,2d,$92K - $133Kï¿½ï¿½(Glassdoor e
Intellisource Colorado LLC,3.1,Senior Software Engineer - Enterprise People Technology,"Bentonville, AR",3d,$112K - $165Kï¿½ï¿½(Glassdoor e
"First Command Financial Services, Inc.",4.2,Software Engineer,,2d,$50.00 - $70.00ï¿½ï¿½Per Hourï¿½ï¿½(Employ
NBCUniversal,4.4,Post Software Engineer,"Englewood Cliffs, NJ",3d,$145K - $162Kï¿½ï¿½(Employer e
Artera Technologies,4.4,Cloud Software Engineers,United States,6d,$147K - $189Kï¿½ï¿½(Employer e
Thompson Gray Inc.,4.7,Engineer (Software),Redstone Arsenal,30d+,$72K - $159Kï¿½ï¿½(Employer e
Origence,4,Software Engineer - CUDL Modernization,Remote,1d,$79K - $111Kï¿½ï¿½(Glassdoor e
Medius,3.6,Software Engineer,"Jacksonville, FL",30d+,$115K - $161Kï¿½ï¿½(Employer e
f5,3.8,Principal Software Engineer,"Seattle, WA",4d,$82K - $102Kï¿½ï¿½(Employer e
CNH Industrial,3.8,Software Engineer II,Remote,2d,$86K - $136Kï¿½ï¿½(Glassdoor e
Fusion Plus Solutions Inc.,3.7,Software Engineers,"Edison, NJ",30d+,$170K - $200Kï¿½ï¿½(Employer e
University of Florida,3.2,Software Engineer I/II,Florida,16d,$90K - $116Kï¿½ï¿½(Glassdoor e
Northwestern Mutual,3.8,Software Engineer,"Franklin, WI",4d,$114K - $152Kï¿½ï¿½(Glassdoor e
Vibrint,3.8,Software Engineer I,"Annapolis Junction, MD",30d+,$80K - $120Kï¿½ï¿½(Employer e
Hubbell Incorporated,3.4,Sr Assoc Software Engineer,"Avon, CT",1d,$95K - $126Kï¿½ï¿½(Glassdoor e
Valkyrie Enterprises,3.8,Junior Computer/Software Engineer (Job ID: 3433),"Huntsville, AL",23d,$138K - $178Kï¿½ï¿½(Employer e
Two Six Technologies,4.5,Software Engineer,"Herndon, VA",30d+,$61K - $147Kï¿½ï¿½(Employer e
Decision Six,3.6,Software Engineer,United States,5d,$124K - $211Kï¿½ï¿½(Employer e
Microsoft,4.4,Software Engineer,"Redmond, WA",4d,$90K - $117Kï¿½ï¿½(Glassdoor e
Ateliere Creative Technologies,4.1,Senior DevOps Engineer - Los Angeles,"Los Angeles, CA",2d,$98K - $209Kï¿½ï¿½(Employer e
OpenAI,3.1,"Software Engineer, Hardware Health","San Francisco, CA",5d,$78K - $121Kï¿½ï¿½(Glassdoor e
Two Six Technologies,2.7,Software Engineer,"Tysons Corner, VA",17d,$100K - $165Kï¿½ï¿½(Employer e
Splunk,3.5,Software Engineer (US Remote Available),Remote,3d,$125Kï¿½ï¿½(Employer e
Sasken,4.1,Software Engineer,United States,6d,$71K - $112Kï¿½ï¿½(Glassdoor e
RealmOne,3.8,Software Engineer,United States,5d,$95K - $152Kï¿½ï¿½(Employer e
The Wolf Works LLC,4.4,Node JS,"Austin, TX",2d,$86K - $105Kï¿½ï¿½(Glassdoor e
Millennium Management,3.8,Software Engineer - C#,"New York, NY",30d+,$135K - $216Kï¿½ï¿½(Employer e
"Aflac, Incorporated",4,Software Engineer III,Remote,1d,$93K - $112Kï¿½ï¿½(Employer e
RingCentral,3.9,Software Engineer,"Belmont, CA",24d,$104K - $161Kï¿½ï¿½(Glassdoor e
Dallas Area Rapid Transit,3.7,Software Engineer-BI,"Dallas, TX",30d+,$77K - $121Kï¿½ï¿½(Glassdoor e
W R Systems,3.5,Software Engineer,"Dahlgren, VA",4d,$95K - $134Kï¿½ï¿½(Glassdoor e
"CARECRAFT, INC",3.7,Software Engineer,"Carlsbad, CA",10d,$125K - $178Kï¿½ï¿½(Employer e
SpecialT Tech,3.1,Cloud Engineer Manager,Remote,25d,$76K - $108Kï¿½ï¿½(Glassdoor e
"Hottinger, Bruel & Kjaer",4.5,Software Engineer,"Pompano Beach, FL",30d+,$77K - $116Kï¿½ï¿½(Glassdoor e
"CPS Solutions, LLC",4.1,DevOps Engineer,United States,3d,$82K - $106Kï¿½ï¿½(Glassdoor e
Northwestern Memorial Healthcare,4.2,Software Developers,"Chicago, IL",10d,$86K - $120Kï¿½ï¿½(Glassdoor e
The Swift Group,4.1,Software Engineer,"Columbia, MD",30d+,$96K - $146Kï¿½ï¿½(Employer e
ASUS Computer International,4.9,Software Engineer - AI,"Hillsboro, OR",30d+,$96K - $137Kï¿½ï¿½(Glassdoor e
Persistent Systems,4.6,Workday Software Engineer,United States,9d,$141K - $239Kï¿½ï¿½(Employer e
Cedar Inc,3.3,Software Engineer II (Communications Platform),"New York, NY",20d,$108K - $140Kï¿½ï¿½(Employer e
Salesforce,3.1,Software Engineering MTS,"San Francisco, CA",3d,$40.00 - $55.00ï¿½ï¿½Per Hourï¿½ï¿½(Employ
CVS Health,2.4,"Software Developer - C#, .NET","Scottsdale, AZ",3d,$108K - $195Kï¿½ï¿½(Employer e
Nautilus Hyosung America Inc,3.1,Software Engineer,"Irving, TX",3d,$111K - $184Kï¿½ï¿½(Employer e
Blue Origin,4.4,Embedded Flight Software Engineer ï¿½ï¿½ï¿½ New,"Seattle, WA",2d,$189K - $284Kï¿½ï¿½(Employer e
West Bend Insurance Company,4.9,Software Engineer,"West Bend, WI",1d,$79K - $109Kï¿½ï¿½(Glassdoor e
JBT Corporation,4.1,Software Engineer C#,"Chalfont, PA",15d,$94K - $129Kï¿½ï¿½(Glassdoor e
Cedar Inc,3.1,Software Engineer III (Payment Workflows),"New York, NY",19d,$56K - $83Kï¿½ï¿½(Glassdoor e
Allied Business Consulting,3.8,SOFTWARE DEVELOPERS,"Somerset, NJ",13d,$202K - $290Kï¿½ï¿½(Employer e
"Chick-fil-A, Inc.",2.3,Senior Software Engineer - Backend Development,"Atlanta, GA",11d,$70K - $103Kï¿½ï¿½(Glassdoor e
"US AMR-Jones Lang LaSalle Americas, Inc.",3.8,Software Engineering,"San Francisco, CA",2d,$86K - $121Kï¿½ï¿½(Glassdoor e
Smart IMS,3.8,Software Engineer,"Austin, TX",30d+,$74K - $107Kï¿½ï¿½(Glassdoor e
Clearwater Analytics,4.7,Software Development Engineer,"San Jose, CA",30d+,$81K - $113Kï¿½ï¿½(Glassdoor e
PayPal,3.9,"Software Engineer, Backend","San Jose, CA",2d,$72K - $119Kï¿½ï¿½(Glassdoor e
WALGREENS,4.6,Principal Software Engineer,"Bellevue, WA",1d,$90K - $125Kï¿½ï¿½(Glassdoor e
The Swift Group,3.7,Software Engineer,"McLean, VA",18d,$80K - $150Kï¿½ï¿½(Employer e
Hewlett Packard,3.5,Software Engineer,"Spring, TX",10d,$72K - $144Kï¿½ï¿½(Employer e
Microsoft,4,Software Engineer,"Redmond, WA",5d,$70K - $95Kï¿½ï¿½(Employer e
New River Systems Corporation,4.4,SharePoint Software Systems Engineer,Remote,17d,$100K - $140Kï¿½ï¿½(Employer e
"Modern Technology Solutions, Inc.",4.6,Software Engineer - Associate,"Chantilly, VA",11d,$124K - $234Kï¿½ï¿½(Employer e
PQSecure Technologies,3.7,Hardware/Software Engineer,"Boca Raton, FL",30d+,$88K - $119Kï¿½ï¿½(Glassdoor e
ISPA Technology,4.4,Mid to Senior Level Software Engineer,"San Diego, CA",19d,$123K - $198Kï¿½ï¿½(Employer e
OnMed,5,Site Reliability Engineer,"Tampa, FL",23d,$158K - $176Kï¿½ï¿½(Employer e
Grote Industries,4.2,Networks - Embedded Software Engineer,"Madison, IN",3d,$160K - $180Kï¿½ï¿½(Employer e
WALGREENS,3.9,DevOps Engineer,"Deerfield, IL",24h,$87K - $119Kï¿½ï¿½(Glassdoor e
Cloud Software Group,4.5,Software Engineer,"Naperville, IL",12d,$97K - $145Kï¿½ï¿½(Employer e
WALGREENS,4.6,"Senior Software Engineer (Full-Stack, Java, JavaScript)","Bellevue, WA",30d+,$89K - $139Kï¿½ï¿½(Glassdoor e
NationMind Infoservices Pvt Ltd,3.6,Software Engineer,Florida,16d,$53K - $103Kï¿½ï¿½(Employer e
Arrowstreet Capital,3.4,Fullstack Software Engineer,"Boston, MA",30d+,$129K - $228Kï¿½ï¿½(Employer e
Favorited,4.8,Full Stack Engineer,"Santa Monica, CA",2d,$150K - $250Kï¿½ï¿½(Employer e
Strategic Thermal Labs,2.5,Software Engineer,"Georgetown, TX",11d,$116K - $163Kï¿½ï¿½(Glassdoor e
IdolSoft,3.3,SOFTWARE DEVELOPER,"Irving, TX",30d+,$104K - $127Kï¿½ï¿½(Glassdoor e
BI Labs,3.1,SOFTWARE DEVELOPERS (834),"Plainsboro, NJ",30d+,$53K - $96Kï¿½ï¿½(Employer e
Verily,3.5,"Software Engineer, Enterprise Frontend","San Bruno, CA",30d+,$60K - $90Kï¿½ï¿½(Employer e
Colonial Pipeline Company,4.4,Software Engineer,"Alpharetta, GA",30d+,$143K - $191Kï¿½ï¿½(Employer e
Leader Communications Inc,4.2,Software Engineer,"Hill AFB, UT",26d,$142K - $162Kï¿½ï¿½(Employer e
UCare,3.3,Software Engineer Sr. ï¿½ï¿½ï¿½ï¿½,"Minneapolis, MN",12d,$89K - $129Kï¿½ï¿½(Glassdoor e
CliftonLarsonAllen,4.8,DevOps Engineer,"Minneapolis, MN",11d,$94K - $156Kï¿½ï¿½(Employer e
Two Six Technologies,3.9,Software Engineer Associate Manager - National General,Remote,4d,$80K - $148Kï¿½ï¿½(Glassdoor e
BAE Systems,3.9,Software Engineer,"Herndon, VA",30d+,$62K - $105Kï¿½ï¿½(Employer e
Nodal Exchange,3.5,Software Engineer (Expert),"Herndon, VA",30d+,$81K - $164Kï¿½ï¿½(Employer e
Gomez & Companies,3.5,Software Engineer (Mid-level),United States,9d,$98K - $145Kï¿½ï¿½(Glassdoor e
"T-Mobile USA, Inc.",3.7,Full Stack Software Engineer & API Developer,"Canoga Park, CA",1d,$157K - $207Kï¿½ï¿½(Employer e
M&T Bank,3.5,Sr Software Engineer - Data,"Bellevue, WA",3d,$133K - $143Kï¿½ï¿½(Employer e
Pressco Technology,4.5,"API Services - Senior Software Engineer - Java, Spring Boot","Buffalo, NY",10d,$79K - $159Kï¿½ï¿½(Employer e
YouTube,3.8,Software Integration & Test Engineer,"Solon, OH",3d,$132K - $190Kï¿½ï¿½(Glassdoor e
ISPA Technology,4.2,"Staff Software Engineer, Machine Learning, YouTube Music","New York, NY",1d,$90K - $143Kï¿½ï¿½(Glassdoor e
Scentsy Inc,4,Mid-Level Software Systems Engineer,United States,23d,$101K - $187Kï¿½ï¿½(Employer e
STRATASCORP,3.5,Software Engineer,"Meridian, ID",5d,$58K - $103Kï¿½ï¿½(Glassdoor e
3R Info,3.8,Software Engineer,"Arlington, VA",4d,$125K - $200Kï¿½ï¿½(Employer e
Toyota Research Institute,4.1,Software Engineer in Testing,"Canton, MI",30d+,$168Kï¿½ï¿½(Employer e
Gelber Group,5,Senior Software Engineer,"Los Altos, CA",9d,$110K - $143Kï¿½ï¿½(Glassdoor e
"PeopleTec, Inc.",3.5,Software Engineer- Executions Team,"Chicago, IL",20d,$80.00 - $85.00ï¿½ï¿½Per Hourï¿½ï¿½(Employ
Flysoft,5,Software Engineer,,2d,$78K - $112Kï¿½ï¿½(Glassdoor e
Ingrain Systems Inc.,3.9,SOFTWARE ENGINEER,"Jamesburg, NJ",20d,$95K - $125Kï¿½ï¿½(Glassdoor e
Carrier,4.7,Software Developers,"Sherman, TX",30d+,$92K - $158Kï¿½ï¿½(Employer e
NCR,4.2,Software Engineer,"Charlotte, NC",3d,$147K - $180Kï¿½ï¿½(Employer e
AnaVation,3.5,Software Engineer IV - Java Fullstack,Indiana,30d+,$75K - $102Kï¿½ï¿½(Glassdoor e
Soar Technology,3.5,Mid-Level Software Engineer ï¿½ï¿½ï¿½ H,"Quantico, VA",30d+,$60K - $112Kï¿½ï¿½(Employer e
Red Ventures,3.1,Autonomy Software Engineer,"Ann Arbor, MI",2d,$108K - $151Kï¿½ï¿½(Glassdoor e
CVS Health,4.1,Software Engineer | The Points Guy,"San Juan, PR",2d,$123K - $196Kï¿½ï¿½(Employer e
"Messenger, LLC",4.4,Software Development ITAM Engineer,"Lansing, MI",5d,$116K - $166Kï¿½ï¿½(Glassdoor e
Nelnet,3.5,Software Developer,"Auburn, IN",3d,$59K - $107Kï¿½ï¿½(Glassdoor e
Slate Magazine,4.8,IT Software Engineer- NBS,"Lincoln, NE",24d,$104K - $163Kï¿½ï¿½(Glassdoor e
Adobe,3.5,Software Engineer,"Washington, DC",30d+,$68K - $80Kï¿½ï¿½(Employer e
Airgas,4.1,Software Engineer,"Lehi, UT",12d,$83K - $107Kï¿½ï¿½(Glassdoor e
Umbra,3.9,Firmware Engineer,"Cheshire, CT",2d,$109K - $209Kï¿½ï¿½(Employer e
Uber,3.8,Senior Software Engineer,"Santa Barbara, CA",5d,$97K - $197Kï¿½ï¿½(Employer e
Collaborative Robotics,3.7,Software Engineer II - Uber Eats,"San Francisco, CA",27d,$57K - $96Kï¿½ï¿½(Glassdoor e
Werfen,3.3,"Software Engineer, Robotics","Santa Clara, CA",8d,$98K - $145Kï¿½ï¿½(Glassdoor e
Snapchat,4.3,"Software Development Engineer in Test, Digital Solutions","Bedford, MA",19d,$66K - $90Kï¿½ï¿½(Glassdoor e
"Canon Medical Research USA, Inc",3.7,"C++ Graphics Engineer, 1+ Years of Experience","New York, NY",2d,$55.00 - $60.00ï¿½ï¿½Per Hourï¿½ï¿½(Employ
Raytheon,4,Software Engineer,"Cambridge, MA",2d,$79K - $168Kï¿½ï¿½(Employer e
Snapchat,3.8,Junior Software Engineer,"Annapolis Junction, MD",6d,$102K - $174Kï¿½ï¿½(Employer e
Hudson River Trading,3.9,"Software Engineer, C++, 3+ Years of Experience","Los Angeles, CA",4d,$73K - $108Kï¿½ï¿½(Glassdoor e
Whisker,4.3,Systems Software Engineer,"New York, NY",30d+,$110K - $190Kï¿½ï¿½(Employer e
Mastercard,3.1,Senior Software Engineer,"Auburn Hills, MI",30d+,$94K - $137Kï¿½ï¿½(Glassdoor e
Savannah River Mission Completion,3.6,SoftWare Engineer II,"O Fallon, MO",8d,$89K - $113Kï¿½ï¿½(Glassdoor e
Mill-Max,3.8,Associate Software Developer,"Aiken, SC",9d,$80K - $100Kï¿½ï¿½(Employer e
Disney Entertainment & ESPN Technology,3.8,SOFTWARE ENGINEER TRAINEE,"Oyster Bay, NY",24d,$128K - $179Kï¿½ï¿½(Glassdoor e
Coca-Cola,4.2,Sr Software Engineer,"Seattle, WA",1d,$74K - $125Kï¿½ï¿½(Glassdoor e
Kaleido,4.1,Staff Software Engineer,"Atlanta, GA",4d,$90K - $187Kï¿½ï¿½(Employer e
M&T Bank,3.7,Full Stack Engineer,"Raleigh, NC",5d,$143K - $256Kï¿½ï¿½(Employer e
Lufburrow & Co,3.4,"Software Engineer - API, Java, Spring Boot","Buffalo, NY",30d+,$114K - $145Kï¿½ï¿½(Glassdoor e
Boost Tech,4.1,Software Engineer - Hybrid,"Havre de Grace, MD",30d+,$101K - $155Kï¿½ï¿½(Glassdoor e
BAE Systems,3.9,Senior Software Engineer (CRM),Remote,2d,$84K - $128Kï¿½ï¿½(Glassdoor e
VANTACA,4.5,Test Software Engineer,"Nashua, NH",4d,$100.00ï¿½ï¿½Per Hourï¿½ï¿½(Employ
Numerica Corporation,4.7,Mobile Engineer,,2d,$71K - $104Kï¿½ï¿½(Glassdoor e
Veracity Engineering,4.6,Software Engineer (multiple openings),"Fort Collins, CO",18d,$99K - $137Kï¿½ï¿½(Glassdoor e
AppLovin,4.7,SOFTWARE ENGINEER,"Washington, DC",5d,$15.69ï¿½ï¿½Per Hourï¿½ï¿½(Employ
M&T Bank,4.1,"Software Engineer II, C++ Backend","Palo Alto, CA",5d,$141K - $211Kï¿½ï¿½(Employer e
CVS Health,4.2,Software Engineer II,"Wilmington, DE",30d+,$76K - $128Kï¿½ï¿½(Employer e
Microsoft,4.1,Junior Software Developer (Java & Azure Cloud),"Woonsocket, RI",2d,$93K - $129Kï¿½ï¿½(Glassdoor e
Northwest Talent Solutions LLC,3.6,Software Engineer 2,,2d,$93K - $131Kï¿½ï¿½(Glassdoor e
Honda Research Institute USA,4.2,Senior Software Engineer,"Boston, MA",30d+,$86K - $145Kï¿½ï¿½(Glassdoor e
Activision,4,Software Engineer for Mobile Robots,"San Jose, CA",13d,$67K - $112Kï¿½ï¿½(Glassdoor e
thatgamecompany,3.6,Senior Software Engineer,"Santa Monica, CA",9d,$116K - $150Kï¿½ï¿½(Employer e
BNY Mellon,4,Build Engineer,California,4d,$85K - $115Kï¿½ï¿½(Employer e
Recruiting From Scratch,3.6,"Vice President, Back-End Engineer I","Lake Mary, FL",2d,$90K - $115Kï¿½ï¿½(Glassdoor e
"Akina, Inc.",3.9,Founding Software Engineer,"San Francisco, CA",3d,$92K - $156Kï¿½ï¿½(Employer e
Vonnen,4.8,Software Engineer - 1 (Kubernetes/Python),"Annapolis Junction, MD",18d,$150K - $200Kï¿½ï¿½(Employer e
Capgemini,4.5,Software Engineer,"Santa Clara, CA",9d,$95K - $147Kï¿½ï¿½(Glassdoor e
"Stefanini, Inc",3.6,Software Engineer - Redis,"Irving, TX",2d,$102K - $148Kï¿½ï¿½(Glassdoor e
Infosys,4.7,Software Engineer,"Dearborn, MI",25d,$40.00 - $60.00ï¿½ï¿½Per Hourï¿½ï¿½(Employ
"Link, LLC",4.9,Release Engineer,"Chicago, IL",9d,$86K - $109Kï¿½ï¿½(Glassdoor e
Autodesk,3.9,"Golang Software Engineer (VISTA BIGHITTER), BS+7, Telework","Annapolis Junction, MD",11d,$87K - $125Kï¿½ï¿½(Glassdoor e
BCT LLC,3.9,"Software Development Engineer, Platform Services",Oregon,6d,$75.00 - $80.00ï¿½ï¿½Per Hourï¿½ï¿½(Employ
JPMorgan Chase & Co,4.8,Software Engineer (ID),United States,4d,$142K - $183Kï¿½ï¿½(Employer e
WR Systems,4.2,Software Engineer,"Jersey City, NJ",2d,$77K - $125Kï¿½ï¿½(Glassdoor e
Acuity Brands,3.5,Software Engineer,"Dahlgren, VA",3d,$162K - $244Kï¿½ï¿½(Employer e
Cisco Systems,4.1,Software Engineer,"Conyers, GA",3d,$85K - $104Kï¿½ï¿½(Glassdoor e
WALGREENS,3.3,Software QA Engineer,"San Jose, CA",12d,$140K - $145Kï¿½ï¿½(Employer e
"Vivint, Inc.",3.8,Senior Software Engineer,"Deerfield, IL",2d,$95K - $130Kï¿½ï¿½(Glassdoor e
Caelum Research Corporation,4.1,Sr. Software Engineer,"Lehi, UT",4d,$90K - $150Kï¿½ï¿½(Employer e
Oracle,4.5,Software Engineer,"Carlisle, PA",22d,$140K - $150Kï¿½ï¿½(Employer e
Fidelity Investments,3.8,Software Developer,"Redwood City, CA",24h,$183K - $297Kï¿½ï¿½(Employer e
Colorado State University,4.5,Cloud Engineer,"Westlake, TX",9d,$120K - $140Kï¿½ï¿½(Employer e
Bayer,2.3,Application Programmer Analyst/Developer I,"Fort Collins, CO",5d,$97K - $129Kï¿½ï¿½(Glassdoor e
USAA,3.9,Software Engineer II,"Indianola, PA",12d,$50K - $90Kï¿½ï¿½(Employer e
Accenture Federal Services,3.1,Senior React/Javascript Software Engineer,"San Antonio, TX",1d,$74K - $122Kï¿½ï¿½(Employer e
Gundersen Health System,5,Software Engineer,"Lorton, VA",13d,$85K - $150Kï¿½ï¿½(Employer e
"JRC Integrated Systems, LLC",3.9,Software Engineer | Front End Developer,"Onalaska, WI",30d+,$82K - $114Kï¿½ï¿½(Glassdoor e
XL Softek,3.9,Software Engineer,"Washington, DC",11d,$107K - $150Kï¿½ï¿½(Employer e
kasmo cloud solutions,4,Software Engineers,"Suwanee, GA",30d+,$215K - $220Kï¿½ï¿½(Employer e
"ICR, Inc.",4.2,Software Engineer,"Carol Stream, IL",5d,$90K - $180Kï¿½ï¿½(Employer e
Workday,4,"Software Engineer - Front End (Dashboard) - Aurora, CO","Aurora, CO",30d+,$130K - $160Kï¿½ï¿½(Employer e
360care,3,"Sr Associate Software Engineer, Database as a Service","Atlanta, GA",5d,$75K - $126Kï¿½ï¿½(Glassdoor e
Amex,3.5,Software Engineer,"Louisville, KY",30d+,$79K - $119Kï¿½ï¿½(Glassdoor e
DKW Communications,3.5,Senior Engineer - Java - GO2 Unify,"Sunrise, FL",30d+,$125K - $150Kï¿½ï¿½(Employer e
"SICK, Inc.",4.1,Senior Software Engineer,"Point Mugu NAWC, CA",4d,$77K - $102Kï¿½ï¿½(Glassdoor e
Antithesis,3.2,Software Engineer II,"Minneapolis, MN",3d,$102K - $138Kï¿½ï¿½(Glassdoor e
Rekuten Global,3.9,Junior Ruby on Rails Engineer,Remote,3d,$115K - $155Kï¿½ï¿½(Glassdoor e
Tencent,4,Senior Software Engineer,"Vienna, VA",2d,$84K - $132Kï¿½ï¿½(Glassdoor e
RealmOne,4.1,Software Engineer,"Beloit, WI",30d+,$80.00ï¿½ï¿½Per Hourï¿½ï¿½(Employ
Zoox,4.1,Security Software Engineer I,"Palo Alto, CA",6d,$80K - $108Kï¿½ï¿½(Glassdoor e
CyberCore Technologies,4.3,Software Engineer 1,Maryland,30d+,$148K - $230Kï¿½ï¿½(Employer e
Synergy ECP,4.1,"Software Engineer, Workflow Orchestration","Foster City, CA",30d+,$81K - $101Kï¿½ï¿½(Glassdoor e
Innovative Defense Technologies (IDT),3.9,Software Engineer 3,"Annapolis Junction, MD",19d,$65K - $112Kï¿½ï¿½(Glassdoor e
VETERANS ENGINEERING INCORPORATED,4.1,Backend Python Software Engineer,"Annapolis Junction, MD",30d+,$88K - $117Kï¿½ï¿½(Glassdoor e
Solvere Technical Group,3.6,Software Engineer,"Fall River, MA",30d+,$10K - $20Kï¿½ï¿½(Employer e
"IRALOGIX,Inc",3.9,Cloud Engineer,United States,10d,$111K - $153Kï¿½ï¿½(Glassdoor e
Nava,3.8,Software Engineer,"Indian Head, MD",2d,$91K - $126Kï¿½ï¿½(Glassdoor e
f5,3.6,Senior Software Engineer,"Pittsburgh, PA",4d,$125K - $140Kï¿½ï¿½(Employer e
BAE Systems,4.5,Sr. Software Engineer,Remote,2d,$66K - $116Kï¿½ï¿½(Glassdoor e
Synergy ECP,3.4,Software Engineer III,"San Jose, CA",19d,$108K - $146Kï¿½ï¿½(Glassdoor e
GE HEALTHCARE,4,"Engineer, Junior Software","Lexington Park, MD",30d+,$90K - $130Kï¿½ï¿½(Employer e
TC Energy,2.4,Software Engineer,"Annapolis Junction, MD",30d+,$80K - $90Kï¿½ï¿½(Employer e
Principal Financial Group,4.3,"Senior Software Engineer (Hybrid, Onsite)","Milwaukee, WI",3d,$86K - $119Kï¿½ï¿½(Glassdoor e
Schlumberger,3.4,New Engineer-in-Training (NET) Rotational Program,"Houston, TX",6d,$120K - $250Kï¿½ï¿½(Employer e
IXL Learning,3.8,"Sr Software Engineer, Snowflake focus",,2d,$54K - $83Kï¿½ï¿½(Employer e
JBT Corporation,4.6,Back End Software Engineer,"Houston, TX",9d,$55K - $90Kï¿½ï¿½(Employer e
FLASH Technology Group,4.2,Software Engineer,"San Mateo, CA",30d+,$84K - $157Kï¿½ï¿½(Employer e
Innovative Defense Technologies (IDT),3.7,DevOps Engineer,"Chalfont, PA",30d+,$96K - $128Kï¿½ï¿½(Glassdoor e
Fairfax County Public Schools,4.2,Software Engineer I,"Laurel, MD",30d+,$106K - $125Kï¿½ï¿½(Employer e
Scholarly,4.5,Software Engineer,United States,5d,$81K - $123Kï¿½ï¿½(Glassdoor e
Innovative Defense Technologies (IDT),3,Software Engineer (One Year Only),"Wilton Woods, VA",30d+,$92K - $131Kï¿½ï¿½(Glassdoor e
Burst Inc.,2,Software Engineer,"Seattle, WA",9d,$115K - $166Kï¿½ï¿½(Glassdoor e
USN Technical Associates,3.9,DevSecOps Software Engineer,"Fall River, MA",5d,$113K - $161Kï¿½ï¿½(Glassdoor e
SNC,2.8,Video Software Engineer,"Lexington, MA",11d,$160K - $385Kï¿½ï¿½(Employer e
Decision Six,4.1,Contract Software Engineer,"Los Angeles, CA",5d,$62K - $102Kï¿½ï¿½(Glassdoor e
Laiba Technologies,4.4,Software Engineer II,"Southern Pines, NC",1d,$73K - $110Kï¿½ï¿½(Glassdoor e
Teamups,4.4,DevOps Engineer,"Newtown Square, PA",5d,$200K - $370Kï¿½ï¿½(Employer e
Delta Dental Ins.,4,DO178C Software Engineer,"Everett, WA",30d+,$93K - $147Kï¿½ï¿½(Glassdoor e
Valkyrie Enterprises,4.1,Senior Software Engineer,"Seattle, WA",30d+,$69K - $107Kï¿½ï¿½(Glassdoor e
UiPath,3.7,Expert Software Engineer,"Alpharetta, GA",1d,$50K - $60Kï¿½ï¿½(Employer e
Atlas Copco Tools & Assembly Systems LLC,3.7,Software Engineer (Job ID:3425),"Huntsville, AL",27d,$70K - $108Kï¿½ï¿½(Glassdoor e
ANB Sourcing LLC,3.8,Senior Software Engineer,"Bellevue, WA",9d,$102K - $134Kï¿½ï¿½(Glassdoor e
McIntire Solutions,4.5,Software Engineer,"Auburn Hills, MI",13d,$103K - $133Kï¿½ï¿½(Glassdoor e
Pennymac,4.6,Azure DevOps Engineer || Full time job.,Remote,2d,$50.00ï¿½ï¿½Per Hourï¿½ï¿½(Employ
Literati,3.7,Software Systems Engineer/DevOps Engineer,"Chantilly, VA",18d,$84K - $110Kï¿½ï¿½(Glassdoor e
"Rochester Software Associates, Inc.",4.1,Clojure Software Engineer,"Agoura Hills, CA",4d,$66K - $94Kï¿½ï¿½(Glassdoor e
Plaid,3.7,WordPress Full Stack Engineer (React),Texas,1d,$102K - $149Kï¿½ï¿½(Glassdoor e
TigerGraph,3.9,C# Software Developer,United States,10d,$187K - $197Kï¿½ï¿½(Employer e
"Garmin International, Inc.",3.7,Experienced Software Engineer - Scaled Access,"New York, NY",30d+,$70K - $96Kï¿½ï¿½(Glassdoor e
Resilio Inc.,4.4,Software Engineer,"Redwood City, CA",5d,$100K - $110Kï¿½ï¿½(Employer e
Candid,3.7,Software Certification Engineer 1 - Software Quality,"Salem, OR",25d,$83K - $116Kï¿½ï¿½(Glassdoor e
Amex,4.3,Technical Support Engineer (Endpoint Software),Virginia,9d,$100K - $250Kï¿½ï¿½(Employer e
Radiance Technologies,4.4,Ecosystems Software Engineer,United States,17d,$100K - $115Kï¿½ï¿½(Employer e
Fabletics,3.6,Engineer,"Phoenix, AZ",2d,$64K - $101Kï¿½ï¿½(Glassdoor e
Delta Dental Ins.,3.7,R&D Software Engineer,"Stennis Space Center, MS",30d+,$66K - $68Kï¿½ï¿½(Employer e
Fractal Analytics,4.1,Sr. Software Engineer,California,24d,$79K - $117Kï¿½ï¿½(Glassdoor e
Microchip Technology,2.4,Expert Software Engineer,"Oakland, CA",1d,$140Kï¿½ï¿½(Employer e
York Space Systems,4.2,Software Development Engineer,California,30d+,$118K - $169Kï¿½ï¿½(Glassdoor e
Proteus Co.,3.5,Engineer II - Software,,2d,$56K - $89Kï¿½ï¿½(Glassdoor e
Software Productivity Strategists,3.3,Sr. Full Stack Software Engineer,"Greenwood Village, CO",3d,$130K - $270Kï¿½ï¿½(Employer e
NeuroPace,4.2,Software Engineer,"Lincoln, NE",30d+,$110K - $157Kï¿½ï¿½(Employer e
OceanFrogs,2.5,Software Engineer,"Rockville, MD",30d+,$93K - $130Kï¿½ï¿½(Glassdoor e
"iconectiv, LLC.",3.5,Full Stack Software Engineer,"Mountain View, CA",7d,$120K - $140Kï¿½ï¿½(Employer e
The Aerospace Corporation,3.9,Full Stack Software Developer,"Duluth, GA",30d+,$94K - $160Kï¿½ï¿½(Employer e
Fetch Package,4.8,Software Engineer (Oracle Database Expertise),"Bridgewater, NJ",4d,$101K - $144Kï¿½ï¿½(Glassdoor e
Zenith Services,4.7,Data Engineer / Software Engineer,"Chantilly, VA",30d+,$108K - $156Kï¿½ï¿½(Glassdoor e
Matthews International Corporation,3.9,Lead Front-End Software Engineer,"Austin, TX",4d,$74K - $100Kï¿½ï¿½(Glassdoor e
Oracle,2.9,React Native Engineer,"Bentonville, AR",30d+,$73K - $100Kï¿½ï¿½(Glassdoor e
NVIDIA,4,Software Engineer,"Apopka, FL",3d,$112K - $196Kï¿½ï¿½(Employer e
PingWind,4,Software Developer,United States,1d,$98K - $137Kï¿½ï¿½(Glassdoor e
Versaterm,3.5,Senior Full-Stack Web Applications Software Engineer,"Santa Clara, CA",1d,$80K - $94Kï¿½ï¿½(Employer e
Apollo Technology Solutions LLC,4.3,Software Developer*,"Scott Air Force Base, IL",9d,$89K - $130Kï¿½ï¿½(Glassdoor e
Navrit Creation,3.6,Software Engineer,"Lexington, SC",16d,$78K - $131Kï¿½ï¿½(Glassdoor e
Amazon.com Services LLC,5,Sr. Front End Engineer (React),"Charlotte, NC",2d,$65K - $107Kï¿½ï¿½(Glassdoor e
Schneider Electric,3.6,Freelance Web Developer,"Colony, AL",1d,$130K - $300Kï¿½ï¿½(Employer e
Akira Technologies Inc.,3.7,"Software Dev Engineer, Modeling Software","Boston, MA",10d,$66K - $98Kï¿½ï¿½(Employer e
CTC Group,4.2,Systems Application Engineer II - Software,"Secaucus, NJ",1d,$153K - $225Kï¿½ï¿½(Employer e
Space Coast Intelligent Solutions,3.9,ServiceNow Software Engineer,"Washington, DC",9d,$69K - $103Kï¿½ï¿½(Employer e
Credo,3.9,Python Developer,"Fort Meade, MD",6d,$83K - $114Kï¿½ï¿½(Glassdoor e
9th networks Inc,4.4,Software Engineer IV,"Melbourne, FL",30d+,$107K - $174Kï¿½ï¿½(Employer e
Tuvoli,3.1,System Software Engineer,"San Jose, CA",3d,$78Kï¿½ï¿½(Employer e
Walter P Moore,4.1,Go Lang/Platform Engineer,"Jersey City, NJ",3d,$175K - $265Kï¿½ï¿½(Employer e
LinQuest Corporation,3.9,Senior Software Engineer,Massachusetts,16d,$53K - $107Kï¿½ï¿½(Employer e
CodeSignal,3.8,Front-end Software Developer,"Washington, DC",17d,$60.00 - $80.00ï¿½ï¿½Per Hourï¿½ï¿½(Employ
Hewlett Packard,5,Software Engineer,"Beavercreek, OH",30d+,$86K - $128Kï¿½ï¿½(Glassdoor e
Dupli Envelope & Graphics,4.8,"Software Engineer, Innovation Lab","San Francisco, CA",18d,$165K - $215Kï¿½ï¿½(Employer e
Coinbase,4.2,Software Quality Engineer,"Fort Collins, CO",10d,$165K - $215Kï¿½ï¿½(Employer e
LSEG (London Stock Exchange Group),4,Software Support Engineer,"Syracuse, NY",3d,$102K - $138Kï¿½ï¿½(Glassdoor e
Inabia Software & Consulting Inc.,3.8,Software Engineer,Remote,12d,$76K - $175Kï¿½ï¿½(Employer e
PMall,4.5,Full Stack Engineer,"Washington, DC",30d+,$96K - $118Kï¿½ï¿½(Employer e
Alloy,4,Software Developer,"Bellevue, WA",30d+,$86K - $129Kï¿½ï¿½(Employer e
QinetiQ US,3.9,Front-End Developer,"Burr Ridge, IL",10d,$160K - $385Kï¿½ï¿½(Employer e
Caterpillar,4,Solutions Engineer,United States,3d,$184K - $337Kï¿½ï¿½(Employer e
"Jason Pharmaceuticals, Inc.",4,Software Engineer,"McLean, VA",9d,$127K - $184Kï¿½ï¿½(Employer e
IntelliBridge LLC,3.6,Software Engineer,"Peoria, IL",2d,$79K - $130Kï¿½ï¿½(Glassdoor e
Snyk,3.4,Sr Software Engineer,"Lehi, UT",10d,$120K - $207Kï¿½ï¿½(Employer e
OpenAI,4.2,Software Engineer,"Washington, DC",10d,$112K - $152Kï¿½ï¿½(Employer e
Vertex Professional Service LLC,2.7,Senior Software Engineer (Typescript/Go),"Boston, MA",2d,$130K - $158Kï¿½ï¿½(Glassdoor e
"deciBel Research, Inc.",2.7,"Software Engineer, Backend","San Francisco, CA",5d,$103K - $172Kï¿½ï¿½(Employer e
OpenAI,4.4,"Software Engineer II (inSITE) - ""W-TRS""","Orlando, FL",2d,$82K - $209Kï¿½ï¿½(Employer e
COMSOL Inc.,3.1,Mid-Level Software Engineer,"Huntsville, AL",25d,$116K - $174Kï¿½ï¿½(Employer e
Infosys,3.8,"Full Stack Engineer, Leverage Engineering","San Francisco, CA",6d,$130K - $165Kï¿½ï¿½(Employer e
Hero Facility Services,3.8,Software Developer ï¿½ï¿½ï¿½ Ray ,"Burlington, MA",4d,$150K - $185Kï¿½ï¿½(Employer e
QED Systems LLC,3.9,Junior Python Developer,"Charlotte, NC",2d,$98K - $209Kï¿½ï¿½(Employer e
Kasasa,4.4,Entry Level Developer,"Melbourne, FL",3d,$102K - $204Kï¿½ï¿½(Employer e
"Delta Air Lines, Inc.",3.7,SOFTWARE ENGINEER,"Aberdeen Proving Ground, MD",30d+,$125K - $140Kï¿½ï¿½(Employer e
HAN IT,3.6,Senior Software Engineer (Hybrid),"Austin, TX",11d,$108K - $216Kï¿½ï¿½(Employer e
Innovative Solutions and Support,3.9,Software Development Engineer,"Atlanta, GA",3d,$79K - $116Kï¿½ï¿½(Glassdoor e
Promega,4.8,Python Developer,"Morris Plains, NJ",3d,$67K - $128Kï¿½ï¿½(Employer e
Revenue Management Solutions Llc,3.7,Software Verification Engineer,"Exton, PA",12d,$129K - $162Kï¿½ï¿½(Employer e
Cityblock Health,3.8,"Software Engineer, Instrumentation","Madison, WI",16d,$90K - $110Kï¿½ï¿½(Employer e
Astrion,3.7,DevOps Engineer,"Oklahoma City, OK",12d,$117K - $306Kï¿½ï¿½(Employer e
Diverse Career Solutions,3.4,Staff Software Engineer,New York State,9d,$100K - $115Kï¿½ï¿½(Employer e
Synergy ECP,4.2,Software Developer,"Eglin AFB, FL",17d,$87K - $142Kï¿½ï¿½(Glassdoor e
"ICR, Inc.",4,Sr. Software Engineer,Remote,3d,$92K - $132Kï¿½ï¿½(Glassdoor e
Broadridge,3.8,Software Engineer,"Columbia, MD",30d+,$105K - $160Kï¿½ï¿½(Employer e
Zurn Elkay Water Solutions,5,"Software Systems Engineer - Mason, OH","Mason, OH",30d+,$144K - $196Kï¿½ï¿½(Glassdoor e
Florida State College at Jacksonville,4.2,Deployment Engineer (Hybrid),"Newark, NJ",9d,$69K - $91Kï¿½ï¿½(Glassdoor e
Q9Software,3.1,IoT Engineer,"Milwaukee, WI",27d,$80K - $110Kï¿½ï¿½(Employer e
JPMorgan Chase & Co,3.8,Engineer IV Software,"Jacksonville, FL",27d,$100K - $153Kï¿½ï¿½(Glassdoor e
The Bank of New York Mellon Corporation,3.4,Entry Level to Senior Level Software Developers,"Germantown, MD",30d+,$170K - $200Kï¿½ï¿½(Employer e
Cisco Systems,4.5,Software Engineer,"Jersey City, NJ",4d,$87K - $124Kï¿½ï¿½(Glassdoor e
Grand Canyon Education,4,2025 BNY Summer Internship Program - Engineering (Developer),"Pittsburgh, PA",6d,$185K - $206Kï¿½ï¿½(Employer e
Captivation Software,3.3,Software Engineer,"San Jose, CA",30d+,$80K - $133Kï¿½ï¿½(Employer e
DocuSign,4.6,Jr. Developer,"Phoenix, AZ",3d,$90K - $127Kï¿½ï¿½(Glassdoor e
"Canon Medical Research USA, Inc.",3.6,Software Engineer 0 - Java/React/Docker/AWS,"Annapolis Junction, MD",30d,$108K - $199Kï¿½ï¿½(Employer e
Standard Bots,2.5,AI SaaS Engineer,"San Francisco, CA",1d,$62K - $102Kï¿½ï¿½(Glassdoor e
American AgCredit,4.1,Software Engineer,"Boston, MA",1d,$85K - $104Kï¿½ï¿½(Glassdoor e
KAPSCH,4,Software Quality Engineer,"Glen Cove, NY",11d,$73K - $127Kï¿½ï¿½(Employer e
Prevail,3.9,DevOps Engineer,Remote,2d,$100K - $140Kï¿½ï¿½(Glassdoor e
DCS Corp,4.8,Software Engineer,"Chantilly, VA",30d+,$160K - $194Kï¿½ï¿½(Employer e
Consensus Health,3.9,Software Engineer Video,"San Francisco, CA",5d,$107K - $145Kï¿½ï¿½(Glassdoor e
Rippling,4.2,Software Engineer,"Dayton, OH",3d,$74K - $131Kï¿½ï¿½(Glassdoor e
ACI Worldwide,4,Associate Software Engineer,"Lenexa, KS",5d,$240Kï¿½ï¿½(Employer e
"Engineering Technology Associates, Inc.",5,Full Stack Engineer II (Frontend) - Benefits,"San Francisco, CA",2d,$16.00 - $46.00ï¿½ï¿½Per Hourï¿½ï¿½(Employ
Fusion Innovation,5,Software Engineer - Hybrid,"Norcross, GA",3d,$70K - $120Kï¿½ï¿½(Employer e
"Clarity Innovations, LLC",4.1,Software Test Engineer,"Dearborn, MI",1d,$160K - $225Kï¿½ï¿½(Employer e
RippleMatch Opportunities,3.9,Software Engineer,"Herndon, VA",30d+,$99K - $134Kï¿½ï¿½(Glassdoor e
Power3 Solutions and Partnering Companies,3.5,Jr. Java Software Engineer (SWE1) (PP) 228,"Annapolis Junction, MD",30d+,$102K - $143Kï¿½ï¿½(Glassdoor e
Datadog,3.9,"IMC - Software Engineer, application via RippleMatch","Chicago, IL",4d,$150K - $240Kï¿½ï¿½(Employer e
PACCAR,4.2,Python Engineer,"Annapolis Junction, MD",10d,$160K - $170Kï¿½ï¿½(Employer e
Front,4.1,Senior Software Engineer - Frontend - Sheets,United States,11d,$144K - $200Kï¿½ï¿½(Employer e
Northrop Grumman,4.1,Vehicle Software and Diagnostics Tool Test Engineer,"Mount Vernon, WA",4d,$110K - $120Kï¿½ï¿½(Employer e
Pegasystems,4.1,"Backend Software Engineer, Deliverability","San Francisco, CA",4d,$165K - $211Kï¿½ï¿½(Employer e
Lawrence Berkeley National Laboratory,3.6,2024 Associate Software Engineer - Linthicum MD,"Linthicum, MD",1d,$92K - $116Kï¿½ï¿½(Glassdoor e
Cargill,3.5,"Associate Software Engineer, Services Engineering","Waltham, MA",3d,$65.00ï¿½ï¿½Per Hourï¿½ï¿½(Employ
Zoox,3.9,Optimization Software Engineer,"San Francisco, CA",30d+,$66K - $132Kï¿½ï¿½(Employer e
GLOBALFOUNDRIES,3.7,"Associate Software Engineer - Technology Development Program, Summer 2025 - Atlanta, GA","Atlanta, GA",1d,$140K - $175Kï¿½ï¿½(Employer e
TRU47,4.8,Software Engineer - Perception ML Ops,"Boston, MA",30d+,$169K - $225Kï¿½ï¿½(Employer e
Schneider Electric,4.1,"Design Enablement Engineer, Software Engineering AI/Machine Learning (2024 New College Graduate)","Malta, NY",23d,$61K - $95Kï¿½ï¿½(Employer e
Gopuff,3.2,Shopify Webmaster,Remote,3d,$90K - $125Kï¿½ï¿½(Employer e
Gopuff,3.6,Software Development Test Engineer - Electrical IoT Devices,"Foxborough, MA",1d,$162K - $284Kï¿½ï¿½(Employer e
Camelot Integrated Solutions Inc.,3.9,Senior Software Engineer - Delivery Tech,"Miami, FL",17d,$91K - $137Kï¿½ï¿½(Employer e
CVS Health,5,Senior Software Engineer - Warehouse,"Miami, FL",17d,$160K - $175Kï¿½ï¿½(Employer e
BOEING,4.6,Senior Software Engineer I,"Houston, TX",30d+,$177K - $323Kï¿½ï¿½(Employer e
Publix,3.4,Software Engineer - Enterprise Identity Services,"Hartford, CT",11d,$133K - $193Kï¿½ï¿½(Employer e
Experian,4.9,Software Engineer - Junior Level,"Annapolis Junction, MD",11d,$81K - $99Kï¿½ï¿½(Glassdoor e
OpenAI,4.3,Software Engineer ï¿½ï¿½ï¿½ Customer Payments S,"Lakeland, FL",20d,$85K - $95Kï¿½ï¿½(Employer e
ByteDance,3.6,Staff Software Engineer (Remote),Texas,3d,$180K - $339Kï¿½ï¿½(Employer e
Alterra Mountain Company,4.2,"Software Engineer, Full Stack","San Francisco, CA",6d,$163K - $200Kï¿½ï¿½(Employer e
Experian,3.8,Senior Frontend Software Engineer - Customer Service Plateform - Seattle,"Seattle, WA",30d+,$85K - $150Kï¿½ï¿½(Employer e
"Clarity Innovations, LLC",3.4,"Software Engineer, Mobile (React Native)","Denver, CO",13d,$80K - $110Kï¿½ï¿½(Employer e
Amazon Advertising LLC,3.4,Senior Software Engineer (Remote),California,3d,$93K - $128Kï¿½ï¿½(Glassdoor e
BOEING,4.1,Junior Software Engineer (SWE1) (QC) TTO16-022,"Annapolis Junction, MD",30d+,$112K - $154Kï¿½ï¿½(Employer e
Bose,4.1,"Software Quality Assurance Engineer (Level 6), Automotive",United States,11d,$155K - $221Kï¿½ï¿½(Employer e
Macyï¿½ï,4.1,Front End/UI Mid-Level Software Engineer,"Annapolis Junction, MD",16d,$102K - $132Kï¿½ï¿½(Employer e
Microsoft,5,DSP Software Engineer,"Framingham, MA",30d+,$80K - $111Kï¿½ï¿½(Glassdoor e
DraftKings,4.1,Lead Software Engineer - Supply Chain,"Johns Creek, GA",2d,$187K - $280Kï¿½ï¿½(Employer e
GE Appliances,4,Software Engineer,"Redmond, WA",30d+,$105K - $155Kï¿½ï¿½(Glassdoor e
Quantum Systems Inc,4.1,"Senior Software Engineer, IOS",Remote,18d,$92K - $120Kï¿½ï¿½(Glassdoor e
"Kaseware, Inc.",4.1,Software Engineering Co-op_Summer 2025,"Louisville, KY",30d+,$230K - $280Kï¿½ï¿½(Employer e
Microsoft,4.1,Software Engineer,"Moorpark, CA",19d,$94K - $128Kï¿½ï¿½(Glassdoor e
CVS Health,4.2,Software Engineer,"Denver, CO",27d,$129Kï¿½ï¿½(Employer e
JBT Corporation,4.6,Software Engineer II - Automated Reasoning and Testing,"Redmond, WA",5d,$80K - $180Kï¿½ï¿½(Employer e
Fanatics Inc.,3.9,Sr Software Development Engineer,"Buffalo Grove, IL",3d,$93K - $129Kï¿½ï¿½(Glassdoor e
Innovative Defense Technologies (IDT),4.1,Senior Software Engineer C++,"Chalfont, PA",30d+,$105K - $190Kï¿½ï¿½(Employer e
Microchip Technology,4,"Software Engineer II, (Java/AWS)",United States,12d,$139K - $169Kï¿½ï¿½(Employer e
"Crunchyroll, LLC",4.2,Frontend Software Engineer,"Mount Laurel, NJ",5d,$54K - $98Kï¿½ï¿½(Employer e
Accrete.AI,3.7,Engineer I-Software,"San Jose, CA",23d,$55K - $186Kï¿½ï¿½(Employer e
Roku,3.8,"Software Engineer III, Android","Culver City, CA",30d+,$101K - $139Kï¿½ï¿½(Glassdoor e
Early Warning Services,3.6,Machine Learning Engineer (Early Career),"New York, NY",19d,$88K - $120Kï¿½ï¿½(Glassdoor e
Workday,5,"Senior Software Engineer, Service Mesh","Boston, MA",5d,$129K - $202Kï¿½ï¿½(Employer e
Grainger,4.1,"Software Engineer - Java, Zelle","Scottsdale, AZ",1d,$70K - $115Kï¿½ï¿½(Employer e
Costco Wholesale,4.7,Front-End Engineer - Content Platform,"Boulder, CO",30d+,$91K - $134Kï¿½ï¿½(Glassdoor e
Mochi Health,3.5,Software Engineer IV (Success Factors - Employee Central Payroll),"Lake Forest, IL",1d,$92K - $124Kï¿½ï¿½(Glassdoor e
Jacobs,4.2,Software Engineer - Digital Data Products,"Seattle, WA",10d,$115K - $190Kï¿½ï¿½(Employer e
Boeing Intelligence & Analytics,4.2,"Senior Software Engineer, Frontend","San Francisco, CA",7d,$94K - $139Kï¿½ï¿½(Glassdoor e
NetApp,4,Software Test Engineer,"Kennedy Space Center, FL",30d+,$140K - $216Kï¿½ï¿½(Glassdoor e
Alphataraxia,3.9,Entry Level Software Engineer,"Annapolis Junction, MD",4d,$90K - $103Kï¿½ï¿½(Employer e
DaqScribe Solutions,4.7,Software Engineer - C/C++,"San Jose, CA",10d,$95K - $170Kï¿½ï¿½(Employer e
BOEING,4,Senior Software Engineer,"Washington, DC",30d+,$343K - $637Kï¿½ï¿½(Employer e
Honeywell,4.8,Software Engineer,United States,10d,$172K - $223Kï¿½ï¿½(Employer e
Uber,3.9,Entry Level Support Equipment Software Engineer,,2d,$105.00 - $115.00ï¿½ï¿½Per Hourï¿½ï¿½(Employ
State Street,3.4,"Software Engineer II - .Net, C#, Azure","Phoenix, AZ",13d,$93K - $186Kï¿½ï¿½(Employer e
"Garmin International, Inc.",3.9,Senior Software Engineer - Courier Pricing,"New York, NY",1d,$83K - $110Kï¿½ï¿½(Glassdoor e
Adobe,4.5,"Software Quality Assurance Engineer, Assistance Vice President","Quincy, MA",30d+,$120Kï¿½ï¿½(Employer e
Honeywell,5,Embedded Software Engineer,"Salem, OR",11d,$88K - $140Kï¿½ï¿½(Employer e
Honeywell,4.3,Software Development Engineer,"Lehi, UT",20d,$95K - $136Kï¿½ï¿½(Glassdoor e
Johns Hopkins University,4.8,Software Engineering/Electrical Engineering Co-op - Fall 2024 (US Persons),"Mason, OH",27d,$100K - $130Kï¿½ï¿½(Employer e
University of Vermont,4.1,Software Engineer II,"Mason, OH",5d,$159K - $175Kï¿½ï¿½(Employer e
Federal Reserve Bank of Dallas,3.5,Software Engineer,"Baltimore, MD",30d+,$104K - $348Kï¿½ï¿½(Employer e
"Grammarly, Inc.",4,Research Software Engineer,"Burlington, VT",4d,$98K - $209Kï¿½ï¿½(Employer e
SCD Information Technology,3.9,Software Engineer,"Dallas, TX",23d,$78K - $104Kï¿½ï¿½(Employer e
Clarity Innovations,4,"Software Engineer, Data Engineering",United States,4d,$100Kï¿½ï¿½(Employer e
"Akina, Inc.",4,Sr. Software Engineer,"Columbia, MD",1d,$64K - $128Kï¿½ï¿½(Employer e
Volvo Group,3.9,Software Engineer - Level 1 (RR) RRTN-8319,"Annapolis Junction, MD",30d+,$117K - $216Kï¿½ï¿½(Employer e
Calspan Corporation,3.7,Software Engineer - 3 (JavaScript/Go/Python),"Annapolis Junction, MD",3d,$135K - $247Kï¿½ï¿½(Employer e
Zoox,4.2,Co-Op: Software (Spring 2025),"Shippensburg, PA",11d,$83K - $136Kï¿½ï¿½(Glassdoor e
"Garmin International, Inc.",3.8,"Associate Software Engineer, Edwards Air Force Base","Edwards AFB, CA",26d,$85K - $130Kï¿½ï¿½(Glassdoor e
Root//Source,3.5,Software Engineer - Rider Support Tools,"Foster City, CA",30d+,$99.00ï¿½ï¿½Per Hourï¿½ï¿½(Employ
"HireIO, Inc.",3.6,Senior Software Engineer - Aviation Databases,"Olathe, KS",30d,$73K - $88Kï¿½ï¿½(Employer e
PAC GROUP LLC,3.5,Full Stack Java Software Engineer (hybrid),"Annapolis Junction, MD",12d,$59K - $88Kï¿½ï¿½(Employer e
Fanatics Inc.,3,Software Engineer,"San Jose, CA",12d,$105K - $146Kï¿½ï¿½(Glassdoor e
Emergent Software,4.1,Software and Systems Engineer,"Suffolk, VA",30d+,$70K - $125Kï¿½ï¿½(Employer e
Harvard University,4.1,Sr Software Engineer (Back-end),"New York, NY",18d,$62K - $98Kï¿½ï¿½(Glassdoor e
Zoox,4.9,Software Engineer (Python),United States,4d,$82K - $119Kï¿½ï¿½(Glassdoor e
Intone Networks,3.8,"Sr. Software Engineer, HBS Online","Boston, MA",30d+,$80K - $113Kï¿½ï¿½(Glassdoor e
CARTIKTECH LLC,4.1,Software Development Engineer in Test,"Foster City, CA",6d,$67K - $106Kï¿½ï¿½(Glassdoor e
Abbott Laboratories,3.9,Software Engineer,"Austin, TX",19d,$144K - $200Kï¿½ï¿½(Employer e
Prove,3.4,Senior Software Engineer,"Chicago, IL",4d,$129K - $224Kï¿½ï¿½(Employer e
Fanatics Inc.,3.5,Software Engineer II,"Sylmar, CA",30d+,$169Kï¿½ï¿½(Employer e
Schweitzer Engineering Laboratories,4.2,"Senior Software Engineer, Orchestration Team","Chicago, IL",6d,$45.66 - $54.99ï¿½ï¿½Per Hourï¿½ï¿½(Employ
Themis Insight,3.9,Software Engineer III,"New York, NY",30d+,$130K - $270Kï¿½ï¿½(Employer e
World Vision USA,4.9,Associate Software Engineer - C# Emphasis,"Pullman, WA",30d+,$140K - $180Kï¿½ï¿½(Employer e
Rippling,3.7,Jr. Software Engineer - Hybrid/Remote,Remote,2d,$69K - $98Kï¿½ï¿½(Glassdoor e
Hop Labs,4.2,Software Development Engineer III,United States,16d,$59K - $86Kï¿½ï¿½(Glassdoor e
"Hawaiian Airlines, Inc.",3.2,Staff Software Engineer - Documents,United States,2d,$80K - $123Kï¿½ï¿½(Glassdoor e
NetApp,3.9,ML Software Engineer,Remote,30d+,$105K - $152Kï¿½ï¿½(Glassdoor e
Quantum Systems Inc,4.1,"Software Developer Engineer, IT Technical Operations","Honolulu, HI",10d,$135K - $175Kï¿½ï¿½(Employer e
Salesforce,3.9,Software Engineer,Remote,10d,$154K - $279Kï¿½ï¿½(Employer e
Visa,3.7,Software Engineer Lead,"Moorpark, CA",12d,$86K - $145Kï¿½ï¿½(Glassdoor e
Honeywell,3.6,Full-Stack Software Engineer ï¿½ï¿½ï¿½ LMTS ,"San Francisco, CA",30d+,$104K - $348Kï¿½ï¿½(Employer e
Oliver Wyman Group,3.4,Software Engineer ï¿½ï¿½ï¿½ Senior Consultant Level ,"Austin, TX",4d,$76K - $155Kï¿½ï¿½(Employer e
NVIDIA,2.5,Software Engineer I,"Richardson, TX",30d+,$83K - $114Kï¿½ï¿½(Glassdoor e
Morgan Stanley,4.4,NERA Associate Software Engineer,"White Plains, NY",30d+,$155K - $221Kï¿½ï¿½(Employer e
Amex,4.5,System Software Engineer ï¿½ï¿½ï¿½ Autonomous Vehicles Pl,"Santa Clara, CA",30d+,$100K - $200Kï¿½ï¿½(Employer e
Multi State Lottery Association,4,"Associate, Python / Perl Dev","Alpharetta, GA",10d,$83K - $110Kï¿½ï¿½(Glassdoor e
EOG Resources,3.4,"Backend Software Engineer, Digital Banking-Payments","Phoenix, AZ",6d,$99Kï¿½ï¿½(Employer e
BAXTER,3.7,Senior Software Engineer,"Johnston, IA",11d,$129K - $207Kï¿½ï¿½(Employer e
Afterpay,3.7,Software Engineer I,"Houston, TX",30d+,$161K - $215Kï¿½ï¿½(Glassdoor e
U.S. Bank National Association,4,Senior Backend Software Engineer (Hybrid),"Bellevue, WA",30d+,$93K - $132Kï¿½ï¿½(Glassdoor e
Geon Technologies,3.8,"Software Engineer - PubSub, Cash App","San Francisco, CA",1d,$95K - $115Kï¿½ï¿½(Employer e
INTEL,5,"Software Engineer 2 - Mainframe (Cobol, JCL, VSAM)","Brookfield, WI",12d,$310K - $465Kï¿½ï¿½(Employer e
TDI Technologies,4.1,Software Engineer,"Annapolis Junction, MD",30d+,$117K - $160Kï¿½ï¿½(Glassdoor e
DAIKIN COMFORT TECHNOLOGIES MFG LP,4.3,Software Engineer / Simulation - Virtual Prototyping,"San Jose, CA",21d,$213K - $293Kï¿½ï¿½(Employer e
Intone Networks,4.4,C# Software Engineer,Pennsylvania,6d,$87K - $124Kï¿½ï¿½(Glassdoor e
Intone Networks,3.6,SOFTWARE ENGINEER 3,"Chatsworth, CA",4d,$163K - $294Kï¿½ï¿½(Employer e
Wise,3.6,Software Engineer in Test,"Westlake, TX",25d,$195K - $230Kï¿½ï¿½(Employer e
"Garmin International, Inc.",3.1,Jr Cloud Engineer,"Phoenix, AZ",9d,$70K - $90Kï¿½ï¿½(Employer e
Nyla Technology Solutions,4.2,"Senior Software Engineer II, Wise Account","Austin, TX",19d,$86K - $109Kï¿½ï¿½(Employer e
Wellington Management,3,Senior .NET Software Engineer,"Cary, NC",4d,$79K - $124Kï¿½ï¿½(Glassdoor e
Synergy ECP,3.5,Software Engineer,"Annapolis Junction, MD",30d+,$122K - $147Kï¿½ï¿½(Employer e
Costco Wholesale,3.1,Senior Software Engineer,"Boston, MA",30d+,$110K - $154Kï¿½ï¿½(Employer e
"Vizient, Inc.",4.5,Software Engineer,"Annapolis Junction, MD",30d+,$119K - $142Kï¿½ï¿½(Employer e
Leidos,3.7,Software Engineer - IT Sustainability,"Seattle, WA",17d,$120K - $150Kï¿½ï¿½(Employer e
Noblis,3.7,Senior Software Engineer,"Irving, TX",30d+,$85K - $131Kï¿½ï¿½(Glassdoor e
ELEVI Associates,4.7,Junior Software Engineer - Panama Shift!,"Annapolis Junction, MD",30d+,$60K - $80Kï¿½ï¿½(Employer e
ASCENDING,4,Software Solutions Engineer ï¿½ï¿½ï¿½ Multiple ,"Oklahoma City, OK",30d+,$112K - $177Kï¿½ï¿½(Employer e
Trellint,4,Sr Software Engineer,"Annapolis Junction, MD",4d,$90K - $104Kï¿½ï¿½(Employer e
Synergy ECP,4.1,Cloud Software Engineer,"Fairfax, VA",30d+,$79K - $159Kï¿½ï¿½(Employer e
Lockheed Martin,3.6,R&D Software Engineer II,Maryland,11d,$195K - $245Kï¿½ï¿½(Employer e
"Trusted Space, Inc.",4.4,Software Engineer 1,"Columbia, MD",30d+,$66K - $112Kï¿½ï¿½(Glassdoor e
State Street,4.2,Software Engineer,"Highlands Ranch, CO",2d,$145K - $190Kï¿½ï¿½(Employer e
"Availity, LLC.",4,Software Engineer,Colorado,16d,$86K - $127Kï¿½ï¿½(Glassdoor e
BorgWarner,1,"Software Development Engineer, Officer, Onsite","Quincy, MA",3d,$120K - $140Kï¿½ï¿½(Employer e
Ford Motor Company,4.1,Node.js/Kotlin Software Engineer IV,"Jacksonville, FL",24d,$61K - $89Kï¿½ï¿½(Glassdoor e
Forterra,3.9,Software Resident Engineer,"Auburn Hills, MI",6d,$68K - $102Kï¿½ï¿½(Glassdoor e
Epsilon,3.1,Software Engineer,"Dearborn, MI",5d,$79K - $125Kï¿½ï¿½(Glassdoor e
ByteDance,3.3,Perception Software Engineer - ML Ops,Remote,30d+,$100K - $155Kï¿½ï¿½(Glassdoor e
Logistics Management Institute,3.7,Senior Front End Software Engineer,"Chicago, IL",10d,$94K - $122Kï¿½ï¿½(Glassdoor e
"Hottinger, Bruel & Kjaer",3.9,Software Engineer (Data Security-US) - 2025 Start (BS/MS),"San Jose, CA",6d,$60.00 - $72.00ï¿½ï¿½Per Hourï¿½ï¿½(Employ
Sirius XM,3.6,Cloud Engineer,Remote,3d,$105K - $125Kï¿½ï¿½(Employer e
Warner Bros. Discovery,3.8,Custom Software Engineer,"Pompano Beach, FL",30d+,$103K - $147Kï¿½ï¿½(Glassdoor e
Peloton,3.3,"Senior Software Engineer - Python, Celery, Redis","Oakland, CA",3d,$81K - $118Kï¿½ï¿½(Glassdoor e
Movius Interactive Corporation,3.4,"VP, Software Engineering",United States,6d,$122K - $172Kï¿½ï¿½(Glassdoor e
Accenture Federal Services,4,Site Reliability Engineer,United States,6d,$108K - $216Kï¿½ï¿½(Employer e
Corteva,3.9,Software Engineer- Backend,"Fremont, CA",19d,$122K - $184Kï¿½ï¿½(Employer e
IntraFi Network,3.3,Software Engineer,"Elkridge, MD",3d,$121K - $181Kï¿½ï¿½(Employer e
PSEG,3.9,Software Engineer II,"Johnston, IA",9d,$78K - $133Kï¿½ï¿½(Employer e
Ryzlink DBA Chuwa America,3.1,Senior Software Engineer,"Arlington, VA",13d,$75Kï¿½ï¿½(Employer e
Trane Technologies,3.6,Software Engineer,"Bethpage, NY",10d,$86K - $139Kï¿½ï¿½(Glassdoor e
Discord,4.3,Software Programmer,"Santa Clara, CA",5d,$88K - $173Kï¿½ï¿½(Employer e
Tesla,4.2,Software Engineer - Innovation,"Saint Paul, MN",10d,$182K - $244Kï¿½ï¿½(Glassdoor e
Microsoft,4,"Software Engineer, Ads (Quests)","San Francisco, CA",18d,$124K - $155Kï¿½ï¿½(Employer e
First American Financial Corporation,3.7,"Staff Software Engineer, Backend, Factory Software","Fremont, CA",4d,$94K - $129Kï¿½ï¿½(Glassdoor e
IntraFi Network,3.6,Software Engineer 2,"Redmond, WA",2d,$72.84 - $80.93ï¿½ï¿½Per Hourï¿½ï¿½(Employ
Collins Aerospace,3.5,Software Engineer II (Hybrid or Remote Possible),"Idaho Falls, ID",1d,$130K - $165Kï¿½ï¿½(Employer e
Roche,4.3,Software Engineer (Customer-Facing Applications),"Arlington, VA",10d,$65K - $101Kï¿½ï¿½(Glassdoor e
Qualtrics,3,Software Engineer,"Lenexa, KS",15d,$129K - $224Kï¿½ï¿½(Employer e
Edward Rose & Sons,4.4,Senior Software Engineer - Digital Pathology,"Santa Clara, CA",2d,$161K - $243Kï¿½ï¿½(Employer e
Michelin,5,Senior Software Development Engineer - Data Engineering Team,"Seattle, WA",8d,$76K - $107Kï¿½ï¿½(Glassdoor e
"Garmin International, Inc.",4.7,Yardi Enterprise Software Support Engineer - Hybrid Remote,"Bloomfield Hills, MI",11d,$70K - $85Kï¿½ï¿½(Employer e
Smart IMS,4.3,Software Engineer(Entry/Experienced) SPA,"Spartanburg, SC",26d,$75K - $150Kï¿½ï¿½(Employer e
Wipro,3.9,Embedded C / Linux Software Engineer - Marine,"Olathe, KS",23d,$110K - $150Kï¿½ï¿½(Employer e
Harley-Davidson,3.8,Software Engineer 2,United States,30d+,$98K - $147Kï¿½ï¿½(Glassdoor e
"VIZIO, Inc.",3.4,PHP Engineer,"Tampa, FL",30d+,$74K - $92Kï¿½ï¿½(Employer e
Geneva Technologies Inc.,3.4,Associate Design Engineer - Software V&V,"Wauwatosa, WI",30d+,$8K - $12Kï¿½ï¿½(Employer e
ElectronX,4.2,Senior Software Engineer,"Dallas, TX",5d,$90K - $131Kï¿½ï¿½(Employer e
Camelot Integrated Solutions Inc.,3.7,Software Engineer,"Monument, CO",4d,$120K - $150Kï¿½ï¿½(Employer e
"JRC Integrated Systems, LLC",3.7,Experienced: Core Infrastructure Software Engineer,Remote,3d,$126K - $237Kï¿½ï¿½(Employer e
Sabre Engineering,3.5,Software Developer (Job Code 001),"Houston, TX",30d+,$50K - $78Kï¿½ï¿½(Glassdoor e
Thermoflow,4.2,Software Engineer,"Dahlgren, VA",30d+,$94K - $117Kï¿½ï¿½(Glassdoor e
Fanatics Inc.,3.5,JR. SOFTWARE ENGINEER,"Columbia, MD",2d,$185K - $200Kï¿½ï¿½(Employer e
"Twitch Interactive, Inc.",3.5,"Computer Science, Software Engineers, Programmers","Jacksonville, FL",30d+,$103K - $149Kï¿½ï¿½(Employer e
Adtran,3.4,Sr Software Engineer,"New York, NY",30d+,$109K - $141Kï¿½ï¿½(Glassdoor e
Oncorre,3.8,Software Development Engineer,"Seattle, WA",5d,$76K - $116Kï¿½ï¿½(Glassdoor e
NMG Technology Services,3.8,Senior Software Engineer,Oregon,5d,$37K - $82Kï¿½ï¿½(Employer e
Captivation Software,3.7,Software Engineer,"Bridgewater, NJ",30d+,$129K - $159Kï¿½ï¿½(Glassdoor e
Invisible Technologies,3.7,Software Engineer,"Brooklyn, NY",30d+,$80K - $111Kï¿½ï¿½(Glassdoor e
Metas Solutions,4.1,Software Engineer 2 - DevOps,"Annapolis Junction, MD",30d+,$95K - $133Kï¿½ï¿½(Glassdoor e
"GAP Solutions, Inc.",4,Senior Software Engineer - Platform,Remote,16d,$130K - $140Kï¿½ï¿½(Employer e
Independent Software,4.2,Software Quality Assurance Engineer & Tester,"Atlanta, GA",2d,$81K - $118Kï¿½ï¿½(Glassdoor e
InterImage,4.1,Software QA Engineer and Tester,"Atlanta, GA",24h,$120K - $150Kï¿½ï¿½(Employer e
Tickets.com,5,"Software Integration Engineer, Junior","Fort Meade, MD",30d+,$180K - $260Kï¿½ï¿½(Employer e
Adobe,4.9,2251 Java & NiFi Software Engineer,"Annapolis Junction, MD",18d,$86K - $111Kï¿½ï¿½(Glassdoor e
Embecta,3.3,Senior Software Engineer,"Boulder, CO",6d,$40.00 - $45.00ï¿½ï¿½Per Hourï¿½ï¿½(Employ
Tesla,4.2,Senior Software Development Engineer,"San Jose, CA",11d,$74K - $109Kï¿½ï¿½(Glassdoor e
CVS Health,4.1,"Senior FullStack Software Engineer (hybrid - Andover, MA)","Andover, MA",6d,$108K - $116Kï¿½ï¿½(Employer e
Space Systems Integration,3,"Sr. Software Engineer, Backend, Factory Software","Fremont, CA",4d,$103K - $146Kï¿½ï¿½(Glassdoor e
Cash App,4.5,Full-Stack Software Developer,"Hartford, CT",17d,$89K - $128Kï¿½ï¿½(Glassdoor e
Annapurna Labs (U.S.) Inc.,5,Software Engineer,"Albuquerque, NM",30d+,$84Kï¿½ï¿½(Employer e
Index Engines Inc.,3.9,"Software Engineer, Incentive","Seattle, WA",3d,$144K - $198Kï¿½ï¿½(Employer e
Ford Motor Company,4.4,"Software Dev Engineer - Machine Learning Apps, Accelerator","Cupertino, CA",3d,$160K - $321Kï¿½ï¿½(Employer e
Q9Software,4.1,React Software Engineer,Colorado,30d+,$97K - $155Kï¿½ï¿½(Glassdoor e
Squarespace,3.8,Software Engineer,"Dearborn, MI",30d+,$120K - $290Kï¿½ï¿½(Employer e
"Advanced Micro Devices, Inc",3.4,Software Developer,"Germantown, MD",30d+,$87K - $126Kï¿½ï¿½(Glassdoor e
InterImage,3.7,"Senior Software Engineer, User Platform (Java)",United States,5d,$129K - $224Kï¿½ï¿½(Employer e
"Flow Systems, Inc",3.4,Software Development Engineer - AI/ML,"San Jose, CA",30d+,$103K - $141Kï¿½ï¿½(Employer e
OpenAI,4.6,2128 Software Engineer 1 (Java Focused),"Annapolis Junction, MD",18d,$135K - $155Kï¿½ï¿½(Employer e
Teradyne,3.8,Software Engineer,"Berthoud, CO",3d,$65K - $118Kï¿½ï¿½(Employer e
Meta,2.9,"Senior Software Engineer, Search Evaluations","San Francisco, CA",6d,$80K - $94Kï¿½ï¿½(Employer e
Yellow Duck Technologies Inc.,4.3,Software Performance Engineer,"North Reading, MA",18d,$104K - $348Kï¿½ï¿½(Employer e
Workday,4,Software Engineer - Camera (Technical Leadership),"Redmond, WA",3d,$300K - $450Kï¿½ï¿½(Employer e
Ops Tech Alliance,4.2,Cleared Junior Software Engineer,"Annapolis Junction, MD",15d,$90K - $126Kï¿½ï¿½(Glassdoor e
CDK Global,3.7,Principal Software Engineer,"Seattle, WA",30d+,$78K - $102Kï¿½ï¿½(Glassdoor e
IAB Solutions LLC,3.7,Software Engineer Level 3,"Fort Meade, MD",30d+,$110K - $154Kï¿½ï¿½(Employer e
General Assembly,4.2,Associate Software Engineer,"Austin, TX",5d,$87K - $171Kï¿½ï¿½(Employer e
Delta Dental Ins.,4.3,Senior Software Engineer,Whitehall Township,11d,$125K - $160Kï¿½ï¿½(Employer e
Cotiviti,4.4,Software Engineer Instructor,"Denver, CO",30d+,$83K - $124Kï¿½ï¿½(Employer e
BOEING,4.1,Senior Software Engineer,"Alpharetta, GA",1d,$74K - $98Kï¿½ï¿½(Glassdoor e
Braum's,3.9,Sr. DevOps Engineer,Remote,2d,$102K - $159Kï¿½ï¿½(Employer e
Cummings Aerospace Inc,2.5,Software Engineer - Mid Level,"Annapolis Junction, MD",17d,$115K - $165Kï¿½ï¿½(Employer e
T.M. Bier & Associates,4.4,Senior Software Engineer,"Oklahoma City, OK",6d,$108K - $216Kï¿½ï¿½(Employer e
Zelis,3.9,Software Engineer-Mid Level,"Largo, FL",3d,$90K - $145Kï¿½ï¿½(Employer e
TikTok,3.7,Software Engineer (BMS),United States,9d,$68K - $104Kï¿½ï¿½(Glassdoor e
Eaton,3.5,Senior Software Engineer - C# & Rust,New Jersey,3d,$72K - $108Kï¿½ï¿½(Employer e
CVS Health,3,"Frontend Software Engineer Graduate, TikTok Infrastructure - 2025 Start (BS/MS)","San Jose, CA",10d,$69K - $120Kï¿½ï¿½(Glassdoor e
Zoox,3.7,Eaton Development Program: Engineering Technology - Software,"Peachtree City, GA",5d,$72K - $127Kï¿½ï¿½(Glassdoor e
Radiance Technologies,3.9,Software Development Engineer,"Hartford, CT",30d+,$158K - $205Kï¿½ï¿½(Employer e
Boston Consulting Group,4.2,Senior Fullstack Software Engineer - Perception Metrics Platform,"San Francisco, CA",19d,$100K - $160Kï¿½ï¿½(Employer e
Sage,3.5,Full Stack Software Engineer,"Beavercreek, OH",13d,$50.00 - $54.00ï¿½ï¿½Per Hourï¿½ï¿½(Employ
Neurable,4.4,"AI Software Engineer, Campus, United States - BCG X","Los Angeles, CA",4d,$130K - $210Kï¿½ï¿½(Employer e
ASM International,3.4,"Software Engineer - C#, C++","Lawrenceville, GA",30d+,$115K - $159Kï¿½ï¿½(Glassdoor e
Galvion,4,Senior Software Engineer,"Boston, MA",9d,$138K - $192Kï¿½ï¿½(Glassdoor e
Prophet Software,3.6,Field Software Support Engineer,"Hillsboro, OR",30d+,$89K - $129Kï¿½ï¿½(Glassdoor e
Ansira,4.1,Associate Software Engineer (on-site),"Portsmouth, NH",1d,$130K - $150Kï¿½ï¿½(Employer e
Elder Research,4.7,Software Developer,"Westlake Village, CA",16d,$177K - $251Kï¿½ï¿½(Employer e
3 Reasons Consulting,3.9,Full Stack Software Engineer,Washington State,11d,$100K - $158Kï¿½ï¿½(Glassdoor e
"AB2 Consulting, Inc.",3.2,Backend Software Engineer,"Fort George G Meade, MD",30d+,$168K - $253Kï¿½ï¿½(Employer e
University of Maryland,4.1,Software Engineer II,"San Diego, CA",30d+,$167K - $296Kï¿½ï¿½(Employer e
CPI Card Group,3.6,"Software Development Engineer in Test (SDET) / Okemos, MI (Hybrid)","Okemos, MI",10d,$136K - $200Kï¿½ï¿½(Employer e
Simplot,3.8,Research Software and Data Engineer,"College Park, MD",5d,$35.00 - $50.00ï¿½ï¿½Per Hourï¿½ï¿½(Employ
Walmart Advanced Systems and Robotics,4.1,Software Process Engineer,"Fort Wayne, IN",30d+,$118K - $142Kï¿½ï¿½(Employer e
Fanatics Inc.,3.5,Software Engineer,"Boise, ID",12d,$109K - $219Kï¿½ï¿½(Employer e
GE HEALTHCARE,4,Senior Software Engineer ï¿½ï¿½ï¿½ Emu,"Andover, MA",25d,$64K - $113Kï¿½ï¿½(Glassdoor e
NORC at the University of Chicago,4.1,"Software Engineer II, Android",United States,30d+,$104K - $166Kï¿½ï¿½(Employer e
WSSC Water,5,Software Engineer,"Washington, DC",30d+,$181K - $212Kï¿½ï¿½(Employer e
RVO Health,4,Cloud Engineer,"Chicago, IL",5d,$91K - $119Kï¿½ï¿½(Glassdoor e
Wisenbaker Builder Services,3.8,"Engineering Software Administrator (e-Builder, Primavera P6)","Laurel, MD",2d,$70K - $115Kï¿½ï¿½(Employer e
Optum,3,2025 Early Career Program: Software Engineering,"Charlotte, NC",4d,$124K - $211Kï¿½ï¿½(Employer e
SoFi,3.9,CAD Software Engineer (Cabinets),"Hillsboro, TX",12d,$161K - $253Kï¿½ï¿½(Employer e
Fanatics Inc.,4.1,"Senior AI/ML Software Engineer, Java - Remote","Eden Prairie, MN",3d,$90K - $140Kï¿½ï¿½(Employer e
Micron,3.4,"Staff Software Engineer, At Work","Seattle, WA",2d,$123K - $175Kï¿½ï¿½(Employer e
Boeing,3.5,Software Engineer II,"New York, NY",18d,$81K - $131Kï¿½ï¿½(Glassdoor e
bellelynn,3.6,IT Software Engineer,"Boise, ID",30d+,$77K - $104Kï¿½ï¿½(Glassdoor e
Bertrandt,3.8,Software Engineer 3 - Front End (contract),"El Segundo, CA",3d,$125K - $208Kï¿½ï¿½(Employer e
Amazon.com Services LLC,3.7,Sr Software Engineer,"Columbia, MD",3d,$80K - $113Kï¿½ï¿½(Glassdoor e
Salesforce,4,Automotive Software Engineer,"Sterling Heights, MI",30d+,$129K - $224Kï¿½ï¿½(Employer e
Ford Motor Company,4.2,"Front End Engineer, Sponsored Brands - Fixed","New York, NY",4d,$92K - $133Kï¿½ï¿½(Glassdoor e
EAI Technologies,3.8,Software Engineering LMTS,"Bellevue, WA",4d,$105K - $130Kï¿½ï¿½(Glassdoor e
Mahlet,4.1,Software Engineer - Global Order Bank,"Dearborn, MI",16d,$62K - $89Kï¿½ï¿½(Glassdoor e
New River Systems Corporation,4.4,Physics/Math Graduate - Entry Level Software Developer,"Vienna, VA",30d+,$110K - $145Kï¿½ï¿½(Employer e
REV Robotics,4.6,Software Engineer,"Burtonsville, MD",16d,$116K - $128Kï¿½ï¿½(Employer e
"IntelliGenesis, LLC",4.1,OneStream Software Systems Engineer,United States,17d,$111K - $184Kï¿½ï¿½(Employer e
Enersys,3.6,SENIOR SOFTWARE ENGINEER,"Carrollton, TX",5d,$138K - $297Kï¿½ï¿½(Employer e
University of Washington,4.7,Full Stack Software Engineer Level 1,"Arlington, VA",30d+,$109K - $145Kï¿½ï¿½(Glassdoor e
Hewlett Packard,3.8,Product Engineer I,"Longmont, CO",24h,$97K - $133Kï¿½ï¿½(Glassdoor e
Movius Interactive Corporation,3.4,SOFTWARE ENGINEER,"Seattle, WA",30d+,$100K - $145Kï¿½ï¿½(Employer e
Noblis,4.1,Cloud Software Development Engineer,"Fort Collins, CO",11d,$86K - $129Kï¿½ï¿½(Glassdoor e
CEDENT,3.7,Software Engineer - Backend Voice,"Fremont, CA",1d,$53K - $96Kï¿½ï¿½(Glassdoor e
Bank of America,3.5,Software Engineer (All Levels),"McLean, VA",30d+,$75K - $131Kï¿½ï¿½(Employer e
LinQuest Corporation,4.3,"Software System Engineer (C++, JAVA background)","Warren, MI",30d+,$119K - $173Kï¿½ï¿½(Glassdoor e
Hewlett Packard,3.5,Software Engineer II,"Charlotte, NC",3d,$97K - $126Kï¿½ï¿½(Glassdoor e
Oracle,4,Ground Software Engineer,Virginia,11d,$84K - $106Kï¿½ï¿½(Glassdoor e
Federal Reserve Bank of Boston,4.1,Experienced Front-End Engineer,"Fort Collins, CO",14d,$81K - $109Kï¿½ï¿½(Glassdoor e
Collins Aerospace,3.5,Software Developer,"Austin, TX",2d,$166K - $228Kï¿½ï¿½(Employer e
Apriva,3.9,Full-Stack Software Engineer ï¿½ï¿½ï¿½ Digital Money and Payments Research & Devel,"Boston, MA",30d+,$154K - $279Kï¿½ï¿½(Employer e
ASEC,3.9,Software Engineering Co-op (Summer/Fall 2025) (Onsite),"Cedar Rapids, IA",2d,$115K - $154Kï¿½ï¿½(Employer e
T. Rowe Price,4.6,Software Engineer IV,"Phoenix, AZ",27d,$66K - $109Kï¿½ï¿½(Glassdoor e
S&S Activewear LLC,3.8,Software Engineer,"Patuxent River, MD",16d,$116K - $204Kï¿½ï¿½(Employer e
Peterson Technologies,4,Software Engineer,"Owings Mills, MD",23d,$102K - $150Kï¿½ï¿½(Glassdoor e
"LongPath Technologies, Inc.",3.7,Senior Software Engineer (Hybrid Available),"Bolingbrook, IL",22d,$139K - $184Kï¿½ï¿½(Glassdoor e
Gradient,4,Mid Level Software Engineer,"Hanover, MD",30d+,$94K - $118Kï¿½ï¿½(Glassdoor e
Amazon.com Services LLC,4.2,Senior Software Engineer,"Boulder, CO",18d,$94K - $136Kï¿½ï¿½(Glassdoor e
ENVISN INCORPORATED,3.7,Senior Software Engineer,"Burlingame, CA",2d,$126K - $265Kï¿½ï¿½(Employer e
Intersoft Data Labs,3.5,"Software Development Engineer II, Sort Tech","Tempe, AZ",3d,$100K - $135Kï¿½ï¿½(Glassdoor e
Digital Insight Printing,4.1,Software Quality Assurance (Tester) Engineer,"Indianola, PA",9d,$175K - $209Kï¿½ï¿½(Employer e
Teradyne,3.6,Software Engineer (Onsite),"Columbia, MD",25d,$248K - $385Kï¿½ï¿½(Employer e
Beshenich Muir & Associates Llc,4.6,Magento Developer,Remote,24h,$91K - $152Kï¿½ï¿½(Employer e
Powermind Solutions,4.6,Software Machine Learning Engineer,"North Reading, MA",3d,$129K - $193Kï¿½ï¿½(Employer e
Plaid,3.7,Software Systems Engineer,"Fort Belvoir, VA",30d+,$98K - $135Kï¿½ï¿½(Glassdoor e
"Grammarly, Inc.",3.2,Software Developer,Georgia,4d,$114K - $149Kï¿½ï¿½(Glassdoor e
ShipperHQ,4,Software Engineer - Credit,"San Francisco, CA",30d+,$130K - $236Kï¿½ï¿½(Employer e
Bryn Neil,3.6,"Software Engineer, Back-End",United States,30d+,$144K - $288Kï¿½ï¿½(Employer e
DCS Corp,3.9,Sr. Software Engineer - Site Reliability,"Austin, TX",16d,$49K - $84Kï¿½ï¿½(Glassdoor e
Bank of America,3.4,Cleared Software Engineer,"Denver, CO",3d,$129K - $224Kï¿½ï¿½(Employer e
"Amazon Web Services, Inc.",3.8,Software Developer,Maryland,3d,$118K - $184Kï¿½ï¿½(Glassdoor e
"Bio-Rad Laboratories, Inc.",4.1,Data Center Services - Software Engineer,"Plano, TX",8d,$86K - $116Kï¿½ï¿½(Glassdoor e
"Audacy, Inc.",4.8,"Software Dev Engineer, L5 , SFSC Integrations","Seattle, WA",23d,$124K - $234Kï¿½ï¿½(Employer e
CyberKorp,4.2,Software Developer in Test,"Hercules, CA",10d,$80K - $119Kï¿½ï¿½(Employer e
Leidos,3.5,Senior Software Engineer,"Denver, CO",4d,$88Kï¿½ï¿½(Employer e
Boeing Intelligence & Analytics,3.4,"Software Developers ï¿½ï¿½ï¿½ Multiple openings ï¿½ï¿½ï¿½ Bloo",United States,30d+,$55Kï¿½ï¿½(Employer e
Tesla,4.1,Junior Java Software Engineer,"Fort Meade, MD",30d+,$234K - $284Kï¿½ï¿½(Employer e
OpenAI,3.1,Apprentice ETL Software Engineer,"Elkridge, MD",30d+,$160K - $385Kï¿½ï¿½(Employer e
NCR Atleos,3.9,"Software Engineer, Tool & Infrastructure, Reliability & Test","Palo Alto, CA",1d,$222Kï¿½ï¿½(Employer e
Electronic Warfare Associates,3.8,"Software Engineer, Engineering Acceleration","San Francisco, CA",5d,$82K - $118Kï¿½ï¿½(Glassdoor e
"BillGO, Inc.",3.3,ATM Software Engineer (Level III),"Frisco, TX",30d+,$69K - $107Kï¿½ï¿½(Glassdoor e
Genesys,3.6,Software Engineer,"Mount Laurel, NJ",30d+,$95K - $143Kï¿½ï¿½(Employer e
January Technologies,4.5,Software Engineer III,"Fort Collins, CO",12d,
Zebra Technologies,4.1,JavaScript Software Engineer ï¿½ï¿½ï¿½ Analytics U,"Indianapolis, IN",4d,
Credit One Bank,3.8,"Software Engineer, Borrower Activation",United States,12d,
Visa,3.8,"DevSecOps Software Engineer, II","Holtsville, NY",30d+,
Foot Locker,4.6,Software Engineer I,"Las Vegas, NV",8d,
LegalZoom,3.8,Sr. SW Engineer,"Bellevue, WA",20d,
"Red Hat, Inc.",2.7,"Lead Software Engineer, Integrations (Boomi)","Dallas, TX",30d+,
"Turn5, Inc.",3.5,"Senior Software Engineer, iOS","Glendale, CA",10d,
University of Nebraska Medical Center,4.5,Software Integration Engineer,"Raleigh, NC",10d,
Michelin,4,Software Developer,"Paoli, PA",15d,
Ren Global Inc.,4.1,Software Engineer II,"Omaha, NE",4d,
Ford Motor Company,3.1,Trainee Automation Engineer,"Ela, NC",3d,
BOEING,3.7,Sr. Software Engineer,Remote,8d,
Disney,3.7,Software Engineer,"Santa Fe Springs, CA",30d+,
Super Micro Computer,3.4,Full Stack Software Engineer - Mid-Level,,2d,
AVA Counsulting,4.2,"Software Engineer, Tools GPU (Core)","Emeryville, CA",15d,
Workday,4,Software Engineer - Applied AI,"San Jose, CA",30d+,
Cubesmart,4,Automated Driving Software Engineer,"Ann Arbor, MI",13d,
SimpliSafe,2.9,"Software Development Engineer, DevOps (US Federal)","McLean, VA",6d,
Inspire Brands,3.7,Senior Software Engineer,"Malvern, PA",10d,
FINSYNC,4.4,"Senior Software Engineer, ML Ops","Boston, MA",9d,
Deluxe Media,3.5,Software Engineer,"Atlanta, GA",2d,
Meta,3.7,Senior Software Engineer (Ruby),"Kennesaw, GA",1d,
Liquibase,3.8,Software Engineer,"Burbank, CA",30d+,
Afterpay,4.8,"Software Engineer, Gameplay - Reality Labs","New York, NY",30d+,
Apple,,"Site Reliability Engineer (Remote, US-based)","Austin, TX",3d,
YouTube,,Senior Software Engineer,"Milwaukee, WI",12d,
Kasmo Inc,,"AIML - Software Engineer, Information Intelligence","Seattle, WA",1d,
Systems Technology & Research Inc.,,"Software Engineer III, Machine Learning (Recommendations, Rankings, and Predictions), YouTube","Mountain View, CA",3d,
Timescale,,PLC Software Engineer,"Detroit, MI",18d,
InterImage,,Software Engineer,United States,30d+,
TDI Technologies,,Senior Software Engineer - Backend - AI Projects,Remote,24d,
Abbott Laboratories,,2172 Software Engineer 1,"Fort Meade, MD",18d,
Prove,,Database Software Engineer,Pennsylvania,6d,
"Red Hat, Inc.",,Sr. Software Engineer ï¿½ï¿½ï¿½ Full,"Alameda, CA",3d,
Coinbase,,PLATFORM ENGINEER II/ Software Engineer,"Ireland, WV",30d+,
Home Care Pulse Llc,,GPU/Accelerator Packaging Software Engineer,"Boston, MA",30d+,
Chatsworth Products,,"Senior Software Engineer, Infrastructure - Platform (Routing)",Remote,6d,
State Street,,Senior Full Stack Software Engineer,"Tampa, FL",24d,
KLA Corporation,,Software Engineer,"Round Rock, TX",3d,
FICO,,Software application developer - Officer (Onsite),"Boston, MA",12d,
Sirius XM,,"Software Engineer (C++/OOD/OOP, Linux, Multi-Thread/Multi-Process)","Milpitas, CA",30d+,
Spotify,,Senior Java Engineer,"San Rafael, CA",6d,
ETC,,Software Engineer III,"Oakland, CA",30d+,
"CapSquare Systems, Inc.",,"Android Engineer, Music","New York, NY",20d,
McKesson,,Software Engineer - Entertainment Controls,"Middleton, WI",30d+,
bioMerieux SA,,Software Engineer,"Troy, MI",12d,
"Amazon Data Services, Inc.",,Senior Software Engineer,"Irving, TX",30d+,
DarkStar Intelligence LLC,,Software Engineer II - Cybersecurity and OS Configuration,"Salt Lake City, UT",3d,
Fidelity Investments,,"Software Development Engineer, Network Core-R&D","Seattle, WA",25d,
"10ZIG TECHNOLOGY, INC.",,Software Engineer,"Annapolis Junction, MD",25d,
"Ekeo Group, LLC",,Senior Software Engineer in Test,"Westlake, TX",4d,
AXS,,QA Automation Engineer,"Phoenix, AZ",3d,
"Red Hat, Inc.",,Software Engineer,"Bloomington, MN",13d,
Coupang,,Analytics Engineer,"Los Angeles, CA",3d,
"Verve, Inc.",,Senior Software Engineer,"Raleigh, NC",3d,
ARSIEM,,Staff Software Engineer,"Seattle, WA",3d,
Freeform,,Senior Software QA Engineer,"Cambridge, MA",3d,
Aspen Publishing,,568 Software Engineer 0,"Annapolis Junction, MD",30d+,
Calspan Corporation,,Software Engineer (C++),"Los Angeles, CA",9d,
Northrop Grumman,,Software Engineer,"Burlington, MA",1d,
Finish Line,,Software Engineer - Wind Tunnels & Hypersonics,"Saint Paul, MN",30d+,
UBS,,Software Development Analyst,"El Segundo, CA",10d,
Paycom,,Senior Software Engineer - Enterprise Solutions,"Indianapolis, IN",12d,
Oracle,,Software Engineer/Developer,"Raleigh, NC",12d,
"Patriot Technology and Business Partners, Inc.",,Software Developer,"Oklahoma City, OK",30d+,
Salesforce,,Senior Software Engineer,United States,1d,
Clarity Innovations,,Software Applications Engineer,"Orlando, FL",23d,
Adobe,,"Senior Full Stack Software Engineer, Code Builder/IDE","San Francisco, CA",30d+,
Blue Origin,,Software Engineer (Full Stack) (QC) TTO16-002,United States,8d,
"TRU Simulation + Training, Inc.",,Senior Software Engineer,"San Jose, CA",30d+,
Apple,,Aerospace App Software Engineer II,"Seattle, WA",27d,
Cart.com,,"Software Engineer (Aerodynamics) - TRU Simulation Training, Inc.","Tampa, FL",2d,
RealWork Labs,,IO Software Systems Test Engineer,"San Diego, CA",9d,
Disney,,Software Engineer,Texas,30d+,
Megaport,,Senior Software Engineer,"Austin, TX",10d,
"Vision Technologies, Inc",,Staff Software Engineer,"Celebration, FL",30d,
Thermo Fisher Scientific,,Deployment Engineer,,2d,
Innovative Defense Technologies (IDT),,Software Engineer III,United States,12d,
Salesforce,,Software Quality Assurance Engineer III,"Tewksbury, MA",16d,
Atrium Health,,Software Engineer,"Arlington, VA",5d,
BOEING,,Software Engineer - ML Infrastructure,"Bellevue, WA",30d+,
NVIDIA,,ServiceNow Sr Software Engineer,"Charlotte, NC",1d,
BOEING,,Senior Full Stack Software Engineer,"Annapolis Junction, MD",3d,
PacBio,,Principal Software Engineer - Full Stack,"Santa Clara, CA",2d,
Marquis Software Solutions Inc,,Software Engineer (Associate or Experienced),"Tukwila, WA",30d+,
Semper Valens Solutions,,"Senior Engineer, Software, Test","Menlo Park, CA",13d,
"Chick-fil-A, Inc.",,SR SOFTWARE ENGINEER,"Plano, TX",30d+,
Apple,,Software Engineer,"Belcamp, MD",11d,
CVS Health,,Lead Software Engineer,"Atlanta, GA",15d,
Alcorn State University,,Senior Software QA Engineer Apple Sevices Engineering.,"Seattle, WA",24h,
"Amazon Web Services, Inc. - A97",,Principal Software Development Engineer,"Hartford, CT",2d,
Reevo,,Software Engineer/Instructor,"Lorman, MS",30d+,
Teledyne Technologies Inc.,,"Software Dev Engineer II, AWS Applications","Seattle, WA",26d,
Adobe,,Senior Software Engineer,"Santa Clara, CA",3d,
Honda,,Software Engineer,"Elgin, IL",30d+,
Westchester Community College,,Software Development Engineer in Test,"San Francisco, CA",30d+,
DPS Telecom,,Software & System Dev. Sr. Engineer,"Raymond, OH",30d+,
Roblox,,Software Engineer II,"Valhalla, NY",3d,
OpenAI,,Embedded Software Engineer (Entry-Level),"Lake Hopatcong, NJ",2d,
"Akina, Inc.",,Senior Software Engineer - App Orchestration,"San Mateo, CA",30d+,
RXO,,"Software Engineer, Machine Learning Compute","San Francisco, CA",6d,
Infosys,,Software Engineer - 3 (Apache NiFi),"Annapolis Junction, MD",18d,
Medtronic,,Senior Software Engineer,"Southfield, MI",19d,
,,Junior Python Developer,"Charlotte, NC",2d,
,,GUI Software Engineer II - Surgical Robotics,"Boston, MA",10d,
